genome_id	genome_name	Domain	Phylum	Class	Order	Family	Genus	Species	completeness	contamination	genome_length	genome_N50	contig_count	numreads_bc2161	meandepth_bc2161	numreads_bc2169	meandepth_bc2169	numreads_bc2170	meandepth_bc2170	numreads_bc2175	meandepth_bc2175	numreads_bc2163	meandepth_bc2163	numreads_bc2164	meandepth_bc2164	numreads_bc2173	meandepth_bc2173	numreads_bc2125	meandepth_bc2125	numreads_bc2167	meandepth_bc2167	numreads_bc2162	meandepth_bc2162	numreads_bc2176	meandepth_bc2176	numreads_bc2123	meandepth_bc2123	numreads_bc2174	meandepth_bc2174	numreads_bc2165	meandepth_bc2165	numreads_bc2122	meandepth_bc2122	numreads_bc2166	meandepth_bc2166	numreads_bc2168	meandepth_bc2168	numreads_bc2124	meandepth_bc2124	numreads_bc2126	meandepth_bc2126	numreads_bc2172	meandepth_bc2172	numreads_bc2171	meandepth_bc2171	numreads_bc2127	meandepth_bc2127	numreads_bc2121	meandepth_bc2121	numreads_bc2128	meandepth_bc2128	sum_numreads	sum_meandepth
bc2125_bin_128	c__DRAE01	Archaea	Thermoproteota	DRAE01					80.02	61.83	68601693.0	2320703.0	51.0	0.0	0.0	3.0	6.512970611881547e-05	5.0	7.641210280880387e-05	113162.0	5.217640186031149	27.0	0.000481606252955559	11.0	0.00020624844102064654	666.0	0.10157726608408046	475226.0	34.10844030688193	46.0	0.0005193603602644763	15.0	0.00030067782368986144	535675.0	30.88405471357276	7.0	0.00035363573051697133	17.0	0.0018363539469867017	16.0	0.0008616567206878117	91.0	0.0017210653549952187	4398.0	0.13625919085088176	540505.0	28.96695754045358	20.0	0.0005315615570741964	660092.0	56.921110804766	256371.0	19.374489318339535	36.0	0.0007364248039810038	668786.0	67.33941049160919	8.0	0.0003370034578912069	570423.0	53.03046280079167	3825606.0	296.08842975563977
bc2121_bin_1	s__Streptomyces olivaceus	Bacteria	Actinomycetota	Actinomycetes	Streptomycetales	Streptomycetaceae	Streptomyces	Streptomyces olivaceus	100.0	0.03	8290288.0	8236992.0	2.0	57792.0	70.17220541819536	5320.0	5.638470672497746	71.0	0.0783721106696414	66.0	0.033108477451977536	144354.0	152.04649303570636	1546.0	1.829483091752663	316.0	0.40078963126009615	13819.0	9.482494520586016	144358.0	155.28009910391532	24789.0	26.340863251457613	1144.0	0.6475833028102281	160137.0	177.4930212933495	89042.0	96.74396752672526	48934.0	55.21807481062178	50194.0	51.94822799651834	2359.0	2.721012723456652	3129.0	1.6631066501139649	3734.0	4.013150286889913	59291.0	48.65002570024105	724.0	0.5446759965800947	1695.0	2.101930625773194	3634.0	3.300272518995721	363454.0	373.6568290587734	17669.0	14.974675110345986	1197571.0	1254.978932914688
bc2167_bin_185	s__Agrobacterium cavarae	Bacteria	Pseudomonadota	Alphaproteobacteria	Rhizobiales	Rhizobiaceae	Agrobacterium	Agrobacterium cavarae	100.0	0.39	5153887.0	2884117.0	6.0	65.0	0.05389605348545671	311.0	0.46564450731030776	237.0	0.4025992926507702	995.0	0.23810619689719623	482.0	0.6720011565756099	15.0	0.018758489620358382	17.0	0.010849674272780331	214152.0	228.41700242346172	201981.0	369.72366014738003	438.0	0.5556865298521291	6081.0	1.4927830683131005	160.0	0.2925487045563087	54.0	0.08770384161701644	273.0	0.07905822067669703	3259.0	4.888970887278203	318.0	0.11474342571430067	6793.0	1.6788648504033556	8152.0	14.129614848162172	14951.0	6.504829322416265	4827.0	1.2584521451985657	158.0	0.17096355449527706	4995.0	1.5613906062685308	684.0	1.0701808977102913	11186.0	3.076748150981308	480584.0	636.9650569952978
bc2170_bin_18	s__Streptomyces albidoflavus	Bacteria	Actinomycetota	Actinomycetes	Streptomycetales	Streptomycetaceae	Streptomyces	Streptomyces albidoflavus	100.0	0.33	6974364.0	6974364.0	1.0	26395.0	34.9227	1504.0	1.72964	123453.0	169.215	118.0	0.0696684	327.0	0.371483	9.0	0.00480646	6097.0	8.74647	33.0	0.040720400000000004	520.0	0.586549	42878.0	51.9955	4.0	0.00226343	74201.0	87.2636	72403.0	87.276	26376.0	32.6361	13204.0	15.1945	3874.0	5.07459	43.0	0.0266287	18.0	0.0162382	9225.0	8.87612	116.0	0.102531	2687.0	3.98485	704.0	0.775449	773.0	0.848285	1848.0	1.76823	406810.0	511.52792259
bc2170_bin_349	g__Advenella	Bacteria	Pseudomonadota	Gammaproteobacteria	Burkholderiales	Burkholderiaceae	Advenella		100.0	0.13	4798333.0	4778734.0	2.0	104768.0	227.5248533546963	10629.0	19.87747659572606	23548.0	49.037979519074646	6.0	0.007336510801647155	34582.0	62.53610386345071	64415.0	128.4880326167442	16712.0	36.96848133578891	60.0	0.09586602510763634	0.0	0.0	18.0	0.00268801767301269	3.0	0.0039595009169142706	5.0	0.008194302743461114	555.0	1.0258028793207976	57098.0	115.55507449899788	0.0	0.0	29902.0	63.00871632662844	6.0	0.010037632702690705	1.0	0.0009084402182683027	6.0	0.009005416127830228	1707.0	1.9861521061868361	953.0	2.249265099287607	2.0	0.0013517162124512827	18.0	0.030933831218842047	4.0	0.006007710603849295	344998.0	708.4342273002289
unmapped_to_bin	unmapped_to_bin													4077.0		19606.0		8910.0		1106.0		29890.0		11619.0		8100.0		4715.0		81177.0		29161.0		4887.0		4323.0		5168.0		8614.0		25207.0		10521.0		6263.0		23612.0		7215.0		4616.0		16485.0		6648.0		3660.0		8847.0		334427.0	0.0
bc2166_bin_97	s__Brevibacterium sediminis	Bacteria	Actinomycetota	Actinomycetes	Actinomycetales	Brevibacteriaceae	Brevibacterium	Brevibacterium sediminis	100.0	0.19	4132946.0	4132946.0	1.0	110.0	0.251245	219.0	0.438739	75322.0	158.112	2.0	0.00284712	58612.0	117.868	74169.0	165.134	821.0	1.92347	15.0	0.0298438	2.0	0.00526622	2847.0	5.77842	2.0	0.00374309	5.0	0.00501482	52675.0	108.744	412.0	0.862121	1.0	0.00365671	39317.0	86.1565	5.0	0.00463398	1.0	0.00148949	6.0	0.00950339	538.0	0.734066	192.0	0.479077	4.0	0.0114487	10.0	0.0143602	3.0	0.00586144	305290.0	646.5793069599999
bc2173_bin_738	s__Achromobacter mucicolens	Bacteria	Pseudomonadota	Gammaproteobacteria	Burkholderiales	Burkholderiaceae	Achromobacter	Achromobacter mucicolens	100.0	0.05	5853370.0	5211448.0	2.0	33364.0	57.70845023683791	76428.0	112.9094201436096	49.0	0.07794709685217234	4.0	0.0035376185403280503	0.0	0.0	138052.0	214.46922360486352	19048.0	33.849471105329066	40.0	0.05974622474120037	0.0	0.0	0.0	0.0	1.0	0.0007886052606303719	0.0	0.0	335.0	0.515382008494252	1098.0	1.7123644115236183	0.0	0.0	2.0	0.0031344348491484397	0.0	0.0	0.0	0.0	10.0	0.012282975210280574	19654.0	20.776426506986574	6853.0	12.823419031293083	4.0	0.0061559398708094645	0.0	0.0	5.0	0.006051218912838245	294947.0	454.9338011631751
bc2173_bin_86	s__Olivibacter sp036959255	Bacteria	Bacteroidota	Bacteroidia	Sphingobacteriales	Sphingobacteriaceae	Olivibacter	Olivibacter sp036959255	99.99	0.28	6274207.0	6274207.0	1.0	1.0	0.000584138	0.0	0.0	0.0	0.0	86.0	0.0724211	0.0	0.0	0.0	0.0	181432.0	325.546	196.0	0.272856	0.0	0.0	0.0	0.0	7.0	0.0068482	0.0	0.0	6289.0	9.45883	95078.0	152.005	0.0	0.0	183.0	0.280835	10.0	0.00836169	0.0	0.0	68.0	0.092351	0.0	0.0	0.0	0.0	31.0	0.0428661	0.0	0.0	18.0	0.0177353	283399.0	487.804688528
bc2163_bin_25	s__Staphylococcus pseudoxylosus	Bacteria	Bacillota	Bacilli	Staphylococcales	Staphylococcaceae	Staphylococcus	Staphylococcus pseudoxylosus	100.0	0.02	2885999.0	2885999.0	1.0	0.0	0.0	0.0	0.0	0.0	0.0	0.0	0.0	252187.0	781.46	19810.0	68.9782	0.0	0.0	0.0	0.0	0.0	0.0	0.0	0.0	0.0	0.0	0.0	0.0	0.0	0.0	154.0	0.494359	0.0	0.0	23.0	0.0836754	1.0	0.000485447	0.0	0.0	0.0	0.0	0.0	0.0	0.0	0.0	0.0	0.0	0.0	0.0	0.0	0.0	272175.0	851.016719847
bc2124_bin_108	c__DRAE01	Archaea	Thermoproteota	DRAE01					80.8	55.64	46602507.0	111335.0	595.0	514.0	0.08378292566235375	3719.0	0.58789605879274	3545.0	0.5841825781551684	149.0	0.009792648697289397	7698.0	1.1512434320913636	400.0	0.05233956185798502	11.0	0.0013945166879713144	33.0	0.003042584273987663	3747.0	0.5903343646620659	11753.0	1.4622920658006489	28.0	0.002190590219088428	1302.0	0.2032707348383837	865.0	0.11751740741402239	363.0	0.0599003145304758	48891.0	7.490636270981005	281.0	0.048437688896189636	1269.0	0.09559658033605853	83280.0	13.332322688251516	992.0	0.1047247476930385	53.0	0.005441382238189461	1154.0	0.20659661454805983	1054.0	0.12899013109123808	12658.0	1.865408247459614	411.0	0.05023690843224142	184170.0	28.237571043610693
bc2124_bin_4	g__Paenibacillus_D	Bacteria	Bacillota	Bacilli	Paenibacillales	Paenibacillaceae	Paenibacillus_D		100.0	2.57	8294254.0	8294254.0	1.0	0.0	0.0	0.0	0.0	3083.0	3.27903	1.0	0.00039449	1.0	0.00109751	1076.0	0.924982	0.0	0.0	4.0	0.00434952	0.0	0.0	865.0	0.846289	0.0	0.0	210.0	0.111478	13122.0	12.7809	105.0	0.0402802	224.0	0.21424	10.0	0.00478114	0.0	0.0	153753.0	165.5	2.0	0.00111294	0.0	0.0	1.0	0.0023878	1.0	0.0011086	11.0	0.00795563	633.0	0.481723	173102.0	184.20210983
bc2123_bin_15	s__Pantoea dispersa	Bacteria	Pseudomonadota	Gammaproteobacteria	Enterobacterales	Enterobacteriaceae	Pantoea	Pantoea dispersa	100.0	0.0	4824045.0	4029856.0	3.0	0.0	0.0	0.0	0.0	0.0	0.0	8.0	0.007303410985063366	4.0	0.0035806028878337575	0.0	0.0	24404.0	50.09662356723456	31.0	0.05297106509450057	0.0	0.0	2929.0	2.053853063642648	1.0	0.0007522728672655416	124744.0	245.3995497691253	494.0	0.8513205078041354	64.0	0.10821546110162737	3099.0	5.5013551957745	1.0	0.004268820708015784	266.0	0.23176209903763337	0.0	0.0	8.0	0.019603838849169112	1.0	0.0017700877114703534	1598.0	3.674443210388792	4.0	0.00630735916514875	588.0	1.0146576756029433	2.0	0.0015329432567067678	158246.0	309.0298709512373
bc2171_bin_32	s__Pseudomonas_E berkeleyensis	Bacteria	Pseudomonadota	Gammaproteobacteria	Pseudomonadales	Pseudomonadaceae	Pseudomonas_E	Pseudomonas_E berkeleyensis	100.0	0.25	5500779.0	5500779.0	1.0	0.0	0.0	0.0	0.0	0.0	0.0	0.0	0.0	0.0	0.0	0.0	0.0	74.0	0.0365814	1.0	0.0015032400000000003	0.0	0.0	0.0	0.0	0.0	0.0	0.0	0.0	10.0	0.0113393	0.0	0.0	0.0	0.0	0.0	0.0	0.0	0.0	0.0	0.0	0.0	0.0	133.0	0.130745	156560.0	314.545	0.0	0.0	0.0	0.0	0.0	0.0	156778.0	314.72516894
bc2173_bin_121	g__Brachybacterium	Bacteria	Actinomycetota	Actinomycetes	Actinomycetales	Dermabacteraceae	Brachybacterium		100.0	0.07	4190485.0	4190485.0	1.0	1928.0	4.66953	1446.0	2.9427	1768.0	4.07163	10.0	0.0170155	1142.0	2.35646	14880.0	34.7275	21601.0	53.6505	34.0	0.0776235	3.0	0.00520441	2610.0	5.66796	4.0	0.00730321	16343.0	36.1416	14075.0	30.0158	594.0	1.34287	23865.0	48.8051	49882.0	115.429	7.0	0.00712447	1.0	0.0017535	13.0	0.0289155	0.0	0.0	108.0	0.284307	29.0	0.0491482	514.0	0.992262	5.0	0.00860139	150862.0	341.29990868
bc2171_bin_29	s__Stenotrophomonas maltophilia_P	Bacteria	Pseudomonadota	Gammaproteobacteria	Xanthomonadales	Xanthomonadaceae	Stenotrophomonas	Stenotrophomonas maltophilia_P	100.0	0.0	4181545.0	4181545.0	1.0	2.0	0.00134352	53049.0	108.994	226.0	0.48611	3.0	0.00292452	4.0	0.00224582	0.0	0.0	24.0	0.0489113	10.0	0.00673029	1.0	0.000538079	0.0	0.0	2.0	0.00152408	3.0	0.00211644	28.0	0.0512095	1491.0	3.15734	5.0	0.00369002	5.0	0.00567398	6.0	0.00191436	11.0	0.00882569	5.0	0.00440316	182.0	0.248505	85573.0	214.479	4.0	0.00389091	3.0	0.00237735	12.0	0.00599061	140649.0	327.519264629
bc2170_bin_318	s__Priestia megaterium	Bacteria	Bacillota	Bacilli	Bacillales	Bacillaceae_H	Priestia	Priestia megaterium	99.99	0.5	5199724.0	5062286.0	3.0	0.0	0.0	0.0	0.0	115540.0	213.3850285920945	0.0	0.0	2.0	0.002055105139695876	4.0	0.005698567346666861	0.0	0.0	1.0	0.0020085685791399696	0.0	0.0	190.0	0.2890095246358845	0.0	0.0	26.0	0.04122720630921949	1.0	0.0018841368259046058	36.0	0.06612854990676427	1.0	0.002012034481976351	2064.0	3.3816845163103655	0.0	0.0	0.0	0.0	1.0	0.00020039538658128778	9.0	0.008145621313019692	113.0	0.24771740841936996	0.0	0.0	1.0	0.0007142690283265036	0.0	0.0	117989.0	217.43351449577742
bc2122_bin_5	s__Curtobacterium sp005490985	Bacteria	Actinomycetota	Actinomycetes	Actinomycetales	Microbacteriaceae	Curtobacterium	Curtobacterium sp005490985	100.0	0.06	3384980.0	3384980.0	1.0	0.0	0.0	10.0	0.00561717	0.0	0.0	0.0	0.0	2.0	0.00040886500000000006	1.0	0.00118583	39.0	0.0177035	0.0	0.0	0.0	0.0	0.0	0.0	0.0	0.0	0.0	0.0	1.0	0.000291878	1.0	0.00036602900000000003	103306.0	262.552	0.0	0.0	3.0	0.0031264599999999997	0.0	0.0	0.0	0.0	0.0	0.0	0.0	0.0	0.0	0.0	1554.0	3.7780099999999996	0.0	0.0	104917.0	266.358709732
bc2169_bin_1242	s__Nocardiopsis flavescens	Bacteria	Actinomycetota	Actinomycetes	Streptosporangiales	Streptosporangiaceae	Nocardiopsis	Nocardiopsis flavescens	100.0	0.02	6904792.0	6904792.0	1.0	2516.0	3.36534	30265.0	35.6006	1955.0	2.31056	309.0	0.16087300000000002	156.0	0.14907	118.0	0.129283	17067.0	22.929300000000005	24.0	0.0271765	0.0	0.0	33262.0	39.9959	1.0	0.000650418	4229.0	4.73418	449.0	0.508249	111.0	0.111989	1262.0	1.29589	332.0	0.331894	9.0	0.00575817	12.0	0.00456726	121.0	0.110452	86.0	0.077217	5019.0	6.65042	4.0	0.00474612	63.0	0.0790864	8.0	0.006777899999999999	97378.0	118.589979768
bc2166_bin_50	s__Mammaliicoccus sciuri	Bacteria	Bacillota	Bacilli	Staphylococcales	Staphylococcaceae	Mammaliicoccus	Mammaliicoccus sciuri	99.95	0.34	2845076.0	2845076.0	1.0	0.0	0.0	0.0	0.0	0.0	0.0	0.0	0.0	4237.0	10.1298	49.0	0.0314364	0.0	0.0	4.0	0.0188895	3.0	0.006349219999999999	0.0	0.0	0.0	0.0	2.0	0.00516471	0.0	0.0	1.0	0.00037011299999999993	0.0	0.0	87539.0	334.061	13.0	0.0238074	1.0	0.00364032	0.0	0.0	0.0	0.0	0.0	0.0	0.0	0.0	12.0	0.0459492	1.0	0.006254310000000001	91862.0	344.3326611729999
bc2161_bin_273	g__Neorhizobium	Bacteria	Pseudomonadota	Alphaproteobacteria	Rhizobiales	Rhizobiaceae	Neorhizobium		100.0	0.01	5630332.0	3897655.0	3.0	19783.0	37.1547684193401	19544.0	31.054215786813284	11.0	0.018645786528201178	1.0	0.0006438334484005561	0.0	0.0	0.0	0.0	218.0	0.3841592357400949	9.0	0.011629141374611657	0.0	0.0	0.0	0.0	0.0	0.0	2.0	0.004026760150849009	10.0	0.011175511712861692	16681.0	27.325940178021476	0.0	0.0	2994.0	5.34834646569332	0.0	0.0	0.0	0.0	1.0	0.0017144670019991718	71.0	0.07134972619625272	31025.0	60.06821332468493	0.0	0.0	1.0	0.0007699365992627079	0.0	0.0	90351.0	161.45559857330565
bc2127_bin_4	s__Bacillus altitudinis	Bacteria	Bacillota	Bacilli	Bacillales	Bacillaceae	Bacillus	Bacillus altitudinis	100.0	0.0	4489429.0	3740568.0	7.0	1980.0	3.684644811640857	0.0	0.0	0.0	0.0	1085.0	0.7232864498269156	60.0	0.13097069237268258	0.0	0.0	4.0	0.004736234764020102	3591.0	3.5607624372278934	0.0	0.0	0.0	0.0	4929.0	3.9855780734171757	5.0	0.006098326248456095	39.0	0.08249443070965148	0.0	0.0	0.0	0.0	16.0	0.011506368332177656	5016.0	3.762331002645102	0.0	0.0	29006.0	39.76389394536811	3552.0	3.8271565993187546	0.0	0.0	20038.0	30.611944350586676	61.0	0.13843528279431525	18210.0	25.228606238724346	87592.0	115.52244524397713
bc2162_bin_52	s__Streptomyces bacillaris	Bacteria	Actinomycetota	Actinomycetes	Streptomycetales	Streptomycetaceae	Streptomyces	Streptomyces bacillaris	100.0	0.38	7661519.0	4370876.0	3.0	1273.0	1.3987790522401629	17693.0	19.63527961495625	304.0	0.3551134040125724	2.0	0.00030320294225309627	974.0	1.0391870499327873	2286.0	2.706650900440239	786.0	0.9782192242467845	3.0	0.0031522486709802586	4.0	0.0008888577609320031	52690.0	59.54526024909682	0.0	0.0	287.0	0.18535195686638645	365.0	0.1526915358877528	131.0	0.09867399520490651	1389.0	1.4113246943576072	3197.0	4.0145983368298115	0.0	0.0	5.0	0.001700573985824482	21.0	0.007822340978664936	1587.0	1.2589741122537188	5.0	0.0038761232762145473	1.0	0.0002430329961659039	3.0	0.0019130641657912747	13.0	0.0020934481090402568	83019.0	92.80209701921167
bc2165_bin_81	s__Agrobacterium tumefaciens_B	Bacteria	Pseudomonadota	Alphaproteobacteria	Rhizobiales	Rhizobiaceae	Agrobacterium	Agrobacterium tumefaciens_B	99.99	0.0	4782608.0	2802445.0	2.0	29.0	0.004544604356702452	30.0	0.004959839197755701	0.0	0.0	0.0	0.0	0.0	0.0	0.0	0.0	3.0	0.0005279549745540508	12.0	0.020597529540681572	0.0	0.0	0.0	0.0	0.0	0.0	1.0	0.00311984662847551	0.0	0.0	78166.0	158.4860568555901	0.0	0.0	67.0	0.12982780675899008	3.0	0.005094917252026509	0.0	0.0	1.0	0.0034014933535991246	5.0	0.0014521378060401355	14.0	0.0038999656185683624	0.0	0.0	0.0	0.0	0.0	0.0	78331.0	158.6634829510775
bc2127_bin_6	s__Pseudomonas_B sp913774235	Bacteria	Pseudomonadota	Gammaproteobacteria	Pseudomonadales	Pseudomonadaceae	Pseudomonas_B	Pseudomonas_B sp913774235	100.0	0.0	5277862.0	5277862.0	1.0	0.0	0.0	0.0	0.0	0.0	0.0	0.0	0.0	0.0	0.0	0.0	0.0	28.0	0.0092689	0.0	0.0	0.0	0.0	0.0	0.0	0.0	0.0	0.0	0.0	0.0	0.0	1.0	0.00117889	0.0	0.0	0.0	0.0	0.0	0.0	0.0	0.0	0.0	0.0	0.0	0.0	0.0	0.0	76200.0	106.59599999999999	0.0	0.0	234.0	0.280851	76463.0	106.88729878999999
bc2162_bin_19	s__Pantoea septica	Bacteria	Pseudomonadota	Gammaproteobacteria	Enterobacterales	Enterobacteriaceae	Pantoea	Pantoea septica	99.98	0.0	4109129.0	4109129.0	1.0	0.0	0.0	0.0	0.0	0.0	0.0	0.0	0.0	80.0	0.171548	7.0	0.0144712	235.0	0.077256	3.0	0.00548535	0.0	0.0	71429.0	156.129	0.0	0.0	0.0	0.0	8.0	0.00311915	4.0	0.0049631	0.0	0.0	1.0	0.000187631	0.0	0.0	0.0	0.0	0.0	0.0	0.0	0.0	11.0	0.00289161	1.0	0.000131658	0.0	0.0	0.0	0.0	71779.0	156.409053699
bc2170_bin_406	s__Paenibacillus polysaccharolyticus	Bacteria	Bacillota	Bacilli	Paenibacillales	Paenibacillaceae	Paenibacillus	Paenibacillus polysaccharolyticus	97.74	7.89	16633353.0	43978.0	394.0	149.0	0.06120564077301192	1221.0	0.5289079635271163	3915.0	2.301393869358451	29.0	0.00478129775626117	3152.0	1.3648744711663368	53.0	0.015104587060474217	8.0	0.00535147926063855	6.0	0.0019308191694963725	1167.0	0.5268454623471527	1899.0	0.6314075373663747	10.0	0.0020580940596763623	490.0	0.2230010819584963	207.0	0.08309701563682921	143.0	0.06998756972041055	17140.0	7.664538596918523	90.0	0.04600154506749782	106.0	0.018311883416236043	27875.0	12.405471218916515	282.0	0.08569193242448471	23.0	0.006514560390722183	370.0	0.18694858197272074	412.0	0.14733747560992963	4834.0	2.073713203999422	119.0	0.04095157888402116	63700.0	28.495427466760795
bc2171_bin_19	s__Bordetella_A sp002261185	Bacteria	Pseudomonadota	Gammaproteobacteria	Burkholderiales	Burkholderiaceae	Bordetella_A	Bordetella_A sp002261185	100.0	0.07	5640460.0	5640460.0	1.0	0.0	0.0	0.0	0.0	0.0	0.0	3.0	0.00237534	0.0	0.0	0.0	0.0	96.0	0.0775768	0.0	0.0	0.0	0.0	0.0	0.0	0.0	0.0	0.0	0.0	9.0	0.0129653	2.0	0.000364332	0.0	0.0	1.0	0.000496413	0.0	0.0	0.0	0.0	0.0	0.0	155.0	0.163216	56037.0	113.771	0.0	0.0	0.0	0.0	0.0	0.0	56303.0	114.02799418500001
bc2122_bin_853	g__Streptomyces	Bacteria	Actinomycetota	Actinomycetes	Streptomycetales	Streptomycetaceae	Streptomyces		63.88	10.77	5190320.0	150993.0	60.0	3950.0	6.938699373099827	329.0	0.5041067500071672	89.0	0.13498164292809114	44.0	0.030624322611788865	139.0	0.189830659440863	15.0	0.022965421717520307	477.0	0.9058646255818523	2.0	0.004326899895921639	403.0	0.6298016423172368	4680.0	7.593714605688667	1.0	0.0008327051051572928	20800.0	33.76540767296429	6736.0	10.509205038978003	3408.0	5.505886881977335	5172.0	7.729083828120809	376.0	0.628424903325768	22.0	0.018249937972221363	22.0	0.02806530580817753	332.0	0.41500294712002345	2.0	0.001977716906510581	200.0	0.388308224761768	69.0	0.0948585056115808	203.0	0.2864905757223158	706.0	0.9022321324156507	48177.0	77.22894232007854
bc2169_bin_162	s__Achromobacter ruhlandii	Bacteria	Pseudomonadota	Gammaproteobacteria	Burkholderiales	Burkholderiaceae	Achromobacter	Achromobacter ruhlandii	100.0	0.06	6380935.0	6380935.0	1.0	4.0	0.000931211	15171.0	21.3523	20.0	0.0297648	14.0	0.0131415	0.0	0.0	7.0	0.0013261400000000002	19726.0	31.2623	25.0	0.0306999	0.0	0.0	0.0	0.0	2.0	0.00186164	0.0	0.0	333.0	0.44491099999999995	33.0	0.0141826	0.0	0.0	0.0	0.0	0.0	0.0	0.0	0.0	8.0	0.0118453	19.0	0.011393	7825.0	13.1895	6.0	0.0082734	0.0	0.0	4.0	0.00559699	43197.0	66.378027481
bc2126_bin_198	Unclassified	Unclassified							61.64	12.0	12109721.0	5779.0	2154.0	1.0	0.0002957951752975977	117.0	0.006100469702918837	11.0	0.0044535307262652864	1969.0	0.5265227955866201	11.0	0.0036303890731751794	8.0	0.0026539857815056182	2.0	0.001014061268876467	5133.0	1.9244142445035686	4.0	0.0015744367174107478	52.0	0.017835930142403776	7562.0	2.4468895174052316	6.0	0.0015786470869147192	2.0	0.0008813603632982132	2.0	0.00041057913555564164	115.0	0.039107521800048076	65.0	0.0194367008426536	7848.0	2.410239235730369	76.0	0.03009027250091063	8431.0	3.4683401882639577	3072.0	1.1777433399822341	25.0	0.009365342649430156	1169.0	0.48082560034372385	26.0	0.008550950876572632	7016.0	2.945161326116927	42723.0	15.52711622177587
bc2161_bin_28	g__Bordetella_A	Bacteria	Pseudomonadota	Gammaproteobacteria	Burkholderiales	Burkholderiaceae	Bordetella_A		99.99	0.65	5340606.0	5340606.0	1.0	4807.0	9.56062	201.0	0.355057	1.0	0.000555555	0.0	0.0	10982.0	18.349	2163.0	4.04065	837.0	1.6029899999999997	3.0	0.00342171	0.0	0.0	0.0	0.0	0.0	0.0	6.0	0.00843912	22.0	0.0361326	9658.0	18.0484	3.0	0.00409448	10858.0	21.3954	5.0	0.00449481	2.0	0.00297176	1.0	0.000509493	7.0	0.00901302	175.0	0.361182	0.0	0.0	13.0	0.0190656	0.0	0.0	39744.0	73.801997148
bc2162_bin_140	s__Methylobacterium radiotolerans	Bacteria	Pseudomonadota	Alphaproteobacteria	Rhizobiales	Beijerinckiaceae	Methylobacterium	Methylobacterium radiotolerans	100.0	0.17	5922691.0	5922691.0	1.0	2.0	0.00182265	2.0	0.00113867	0.0	0.0	0.0	0.0	10.0	0.0119044	1.0	0.000193831	5.0	0.00147247	3303.0	3.1355400000000007	1.0	0.000533204	20813.0	29.6964	0.0	0.0	9056.0	12.8246	1.0	0.000231989	1997.0	2.98871	338.0	0.490953	6.0	0.0130466	4.0	0.00247523	0.0	0.0	593.0	0.204384	0.0	0.0	1.0	0.00105425	0.0	0.0	9.0	0.0112028	0.0	0.0	36142.0	49.385663093999995
bc2121_bin_9	g__Nocardiopsis	Bacteria	Actinomycetota	Actinomycetes	Streptosporangiales	Streptosporangiaceae	Nocardiopsis		99.98	0.13	6193895.0	6193895.0	1.0	4.0	0.00444066	2633.0	3.4948900000000003	15.0	0.00592729	475.0	0.259978	2.0	0.00258593	1.0	0.000747833	397.0	0.36143900000000007	0.0	0.0	0.0	0.0	313.0	0.436151	4.0	0.0028306900000000003	79.0	0.107055	7.0	0.00671597	1.0	0.00120296	10796.0	14.7326	17.0	0.0197073	28.0	0.0191692	714.0	1.00723	1.0	0.000852937	3.0	0.00265633	20.0	0.0254593	0.0	0.0	14523.0	19.2517	3299.0	3.65884	33332.0	43.402179399999994
bc2122_bin_907	c__Njordarchaeia	Archaea	Asgardarchaeota	Njordarchaeia					85.28	42.75	29945221.0	243434.0	183.0	3.0	0.0010720234574925996	27.0	0.003389049790347849	56.0	0.016579777086194823	0.0	0.0	217.0	0.043171397520294474	31.0	0.008067167279507471	0.0	0.0	0.0	0.0	10135.0	0.668486848814557	153.0	0.04117257462118647	0.0	0.0	5.0	0.0013313313214151933	28.0	0.008722027712183524	16.0	0.0021648518444061576	18392.0	5.249642707600321	117.0	0.009001535525908124	2.0	0.00016075985238679652	879.0	0.10929461106337636	40.0	0.002610967486062267	1.0	0.00010352235701316079	83.0	0.016339804869641136	17.0	0.002441357396761239	128.0	0.030095285751465983	23.0	0.002002957427179115	30353.0	6.215850558777701
bc2169_bin_159	s__Glycomyces sp035765105	Bacteria	Actinomycetota	Actinomycetes	Mycobacteriales	Micromonosporaceae	Glycomyces	Glycomyces sp035765105	99.42	0.21	4667271.0	4667271.0	1.0	67.0	0.107791	22442.0	38.5856	17.0	0.0241732	0.0	0.0	3.0	0.00328779	7.0	0.00539244	105.0	0.17934	0.0	0.0	1.0	0.00113514	811.0	0.67938	0.0	0.0	9.0	0.00605943	5.0	0.00502863	278.0	0.4607	818.0	0.719229	35.0	0.0264553	9.0	0.00409147	13.0	0.0107902	0.0	0.0	2.0	0.00198789	17.0	0.0135775	35.0	0.0213673	182.0	0.154336	34.0	0.0250337	24890.0	41.03475599000001
bc2122_bin_754	g__Streptomyces	Bacteria	Actinomycetota	Actinomycetes	Streptomycetales	Streptomycetaceae	Streptomyces		58.36	11.73	3842321.0	95667.0	62.0	636.0	1.5081700924415997	424.0	0.9372082389352425	180.0	0.38756647636491065	26.0	0.023691162862629126	356.0	0.729566501028571	1285.0	2.9682244774799345	1455.0	3.609314563902391	44.0	0.07014049589586607	227.0	0.41448841451377955	1274.0	2.6826527093245724	1.0	0.0009111693145887603	4717.0	10.282146216005119	2178.0	4.672068081124325	380.0	0.7994902471583972	5689.0	11.809550807636843	4867.0	11.053932415540034	5.0	0.0052114342271246976	14.0	0.033853484637462614	58.0	0.08752851243037738	0.0	0.0	30.0	0.08004173987691295	52.0	0.0861614497618861	217.0	0.3355647657171538	535.0	0.8731998109621762	24650.0	53.4506832671419
bc2173_bin_4	s__Pseudomonas_E fulva_B	Bacteria	Pseudomonadota	Gammaproteobacteria	Pseudomonadales	Pseudomonadaceae	Pseudomonas_E	Pseudomonas_E fulva_B	99.96	0.09	5103136.0	5103136.0	1.0	2.0	0.00099821	0.0	0.0	0.0	0.0	17.0	0.0210318	0.0	0.0	0.0	0.0	23260.0	44.5672	24.0	0.031149300000000005	0.0	0.0	0.0	0.0	1.0	0.00109443	0.0	0.0	452.0	0.726345	0.0	0.0	0.0	0.0	0.0	0.0	0.0	0.0	0.0	0.0	7.0	0.00831881	0.0	0.0	0.0	0.0	7.0	0.0124122	1.0	0.000245535	3.0	0.00300051	23774.0	45.371795795000004
bc2169_bin_90	g__Glycomyces	Bacteria	Actinomycetota	Actinomycetes	Mycobacteriales	Micromonosporaceae	Glycomyces		78.98	0.1	3609587.0	2178884.0	11.0	13.0	0.02298129160510607	4981.0	10.907250085142705	0.0	0.0	1.0	0.0007396980467848538	37.0	0.07278479991010052	28.0	0.04620919843918432	30.0	0.05566483347770811	0.0	0.0	7.0	0.006577761553751163	6851.0	12.932372665653993	0.0	0.0	73.0	0.14293307404509156	27.0	0.04496856229546759	17.0	0.03119994702812261	6663.0	13.132673544009329	369.0	0.5044338508721358	63.0	0.06357706584894615	115.0	0.2535253827657153	0.0	0.0	15.0	0.0261880621103467	137.0	0.36344643783014513	257.0	0.36566272792455207	1796.0	3.543080769982826	240.0	0.3544989849038131	21720.0	42.87076874344582
bc2174_bin_210	g__Brachybacterium	Bacteria	Actinomycetota	Actinomycetes	Actinomycetales	Dermabacteraceae	Brachybacterium		99.97	16.76	4985237.0	471858.0	26.0	176.0	0.2832266781503668	275.0	0.4519927884042825	161.0	0.29131869760294243	2.0	0.0017238877959463111	183.0	0.3015291134271129	869.0	1.4402897743838257	1130.0	2.1345867313345384	4.0	0.006050064796137075	116.0	0.023855666385570035	182.0	0.2611845830373561	1.0	0.0001684977070799242	1871.0	3.1999614677255366	4103.0	7.216565960492952	77.0	0.12433895592746744	2526.0	3.961846601380536	8838.0	15.80000572200098	2.0	0.0015196867508405316	0.0	0.0	2.0	0.0018085425763108153	0.0	0.0	22.0	0.043818988502632876	2.0	0.0034989348027786847	51.0	0.07214944937685008	1.0	0.00022065090446051006	20594.0	35.62166144346651
bc2127_bin_5	s__Leifsonia virtsii	Bacteria	Actinomycetota	Actinomycetes	Actinomycetales	Microbacteriaceae	Leifsonia	Leifsonia virtsii	100.0	0.0	3780328.0	3780328.0	1.0	1.0	0.000173794	12.0	0.00950923	1.0	0.000540958	0.0	0.0	6.0	0.0022759900000000003	4.0	0.00310925	47.0	0.024062199999999995	0.0	0.0	0.0	0.0	0.0	0.0	0.0	0.0	1.0	0.000549159	4.0	0.0017538199999999997	7.0	0.00236593	0.0	0.0	3.0	0.00158161	0.0	0.0	1.0	0.0008417259999999999	0.0	0.0	0.0	0.0	0.0	0.0	18454.0	37.3164	0.0	0.0	184.0	0.333613	18725.0	37.696776666999995
bc2172_bin_42	s__Brucella intermedia	Bacteria	Pseudomonadota	Alphaproteobacteria	Rhizobiales	Rhizobiaceae	Brucella	Brucella intermedia	99.99	0.46	4676694.0	2558761.0	2.0	0.0	0.0	9.0	0.0037917809760863123	0.0	0.0	0.0	0.0	0.0	0.0	0.0	0.0	60.0	0.13242123370269682	0.0	0.0	0.0	0.0	0.0	0.0	1.0	0.00016721232146832784	0.0	0.0	1.0	0.0008219483812047571	6.0	0.0017221611567423485	0.0	0.0	0.0	0.0	0.0	0.0	0.0	0.0	1.0	0.0014775417344944954	16700.0	21.93121708215248	95.0	0.046214899823892694	1.0	0.0014694127234131632	0.0	0.0	0.0	0.0	16874.0	22.11930327297248
bc2169_bin_5	s__Enterobacter cloacae	Bacteria	Pseudomonadota	Gammaproteobacteria	Enterobacterales	Enterobacteriaceae	Enterobacter	Enterobacter cloacae	100.0	0.01	4810248.0	4792661.0	2.0	13.0	0.017768739417938537	12433.0	23.340969775550036	162.0	0.26864135401542705	2.0	0.0015053293665939886	182.0	0.3014374937972033	16.0	0.013320926810846343	3.0	0.005561247290459869	1.0	0.0007309379973756031	66.0	0.10460535813050802	264.0	0.32141767096637636	1.0	0.0011672997920273548	26.0	0.035446391135253316	13.0	0.018628772012357787	6.0	0.005041523337233339	961.0	1.5101378922511273	12.0	0.020003941435634918	14.0	0.008187953406976105	1767.0	3.028391072560084	8.0	0.00811311196636847	4.0	0.004302889254358611	78.0	0.09755389536149488	31.0	0.03785470559937866	347.0	0.5759130844071387	55.0	0.04925385770130771	16465.0	29.775955223563503
bc2164_bin_186	s__Paracoccus alcaliphilus	Bacteria	Pseudomonadota	Alphaproteobacteria	Rhodobacterales	Rhodobacteraceae	Paracoccus	Paracoccus alcaliphilus	99.96	0.29	4321360.0	3353778.0	5.0	44.0	0.07428611277928708	2346.0	4.043770607105171	0.0	0.0	0.0	0.0	0.0	0.0	10586.0	23.920431581261457	306.0	0.536913106330183	2.0	0.003914738146435381	0.0	0.0	0.0	0.0	0.0	0.0	0.0	0.0	17.0	0.021837547231059202	2116.0	3.6674478195614344	0.0	0.0	849.0	1.6635803928989947	0.0	0.0	0.0	0.0	0.0	0.0	16.0	0.007308115279199142	6.0	0.0016344399439065479	0.0	0.0	7.0	0.006750885281925134	0.0	0.0	16295.0	33.94787534581905
bc2121_bin_107	s__Streptomyces sedi	Bacteria	Actinomycetota	Actinomycetes	Streptomycetales	Streptomycetaceae	Streptomyces	Streptomyces sedi	82.91	1.22	5755202.0	69039.0	104.0	124.0	0.1665981804947941	130.0	0.16130762412356683	223.0	0.2888645527144521	110.0	0.06700008006502639	217.0	0.23783928719342085	48.0	0.0540424099518314	26.0	0.03170074126968958	4.0	0.0033639122769974017	596.0	0.6916142243947475	1916.0	2.476467092941829	0.0	0.0	1549.0	2.0151352931226394	280.0	0.35795395664299884	230.0	0.3250527831447445	5958.0	7.110386356610245	74.0	0.09197284209297954	2.0	0.0013830990785379906	56.0	0.06824852255628908	15.0	0.013473904720807367	0.0	0.0	28.0	0.04461567334411547	148.0	0.16667042503283117	2265.0	3.094643358200112	1297.0	1.3774299266626262	15296.0	18.84576424663528
bc2166_bin_716	g__Brachybacterium	Bacteria	Actinomycetota	Actinomycetes	Actinomycetales	Dermabacteraceae	Brachybacterium		55.73	14.55	3418917.0	39732.0	96.0	178.0	0.4275258297270744	336.0	0.7153615316658463	90.0	0.21800580204503356	0.0	0.0	164.0	0.3645231268404585	1199.0	2.8204942363167045	854.0	2.1218099542707236	2.0	0.0038725715622812723	0.0	0.0	433.0	0.8816206097174046	0.0	0.0	2307.0	5.344440750821445	1204.0	2.606177994799669	42.0	0.10223622088129077	2536.0	5.4093046714880755	5280.0	12.996701410098579	2.0	0.0022872741116558254	1.0	0.0010441895284383914	0.0	0.0	6.0	0.010554805762175566	18.0	0.0442847381486886	9.0	0.01973521788034047	101.0	0.18983850077934034	6.0	0.007865061014935431	14768.0	34.28768449746016
bc2171_bin_31	s__Bordetella sp002261475	Bacteria	Pseudomonadota	Gammaproteobacteria	Burkholderiales	Burkholderiaceae	Bordetella	Bordetella sp002261475	90.12	16.13	5693341.0	127027.0	64.0	227.0	0.13119519112942646	11686.0	17.259095541674917	7.0	0.01036034444794366	0.0	0.0	0.0	0.0	37.0	0.010824411551758449	146.0	0.08296394843983348	1.0	0.0021014036347374943	0.0	0.0	0.0	0.0	0.0	0.0	0.0	0.0	0.0	0.0	22.0	0.012248347005643962	0.0	0.0	0.0	0.0	0.0	0.0	0.0	0.0	0.0	0.0	354.0	0.28409615438175934	1896.0	3.63757679004999	0.0	0.0	0.0	0.0	0.0	0.0	14376.0	21.43046213231601
bc2167_bin_11	s__Dermacoccus nishinomiyaensis	Bacteria	Actinomycetota	Actinomycetes	Actinomycetales	Dermatophilaceae	Dermacoccus	Dermacoccus nishinomiyaensis	100.0	1.43	3081641.0	3081641.0	1.0	0.0	0.0	1.0	0.000403681	1.0	0.000338132	0.0	0.0	1.0	0.000494866	0.0	0.0	1.0	0.00127886	1.0	0.00488441	12392.0	33.6322	0.0	0.0	0.0	0.0	2.0	0.000888163	0.0	0.0	1.0	0.00043386000000000005	1630.0	4.13714	0.0	0.0	1.0	0.00182598	221.0	0.606495	0.0	0.0	1.0	0.000437754	0.0	0.0	1.0	0.000327423	24.0	0.0603214	0.0	0.0	14278.0	38.44746952899999
bc2169_bin_169	s__Achromobacter dolens	Bacteria	Pseudomonadota	Gammaproteobacteria	Burkholderiales	Burkholderiaceae	Achromobacter	Achromobacter dolens	100.0	0.11	6266697.0	6266697.0	1.0	100.0	0.0193328	12011.0	17.264	18.0	0.0254807	0.0	0.0	0.0	0.0	349.0	0.0700029	733.0	0.8282959999999999	1.0	0.0008018579999999999	0.0	0.0	0.0	0.0	0.0	0.0	0.0	0.0	17.0	0.0202541	22.0	0.00969139	0.0	0.0	0.0	0.0	0.0	0.0	0.0	0.0	1.0	0.000979623	144.0	0.0916556	290.0	0.335738	1.0	0.00122537	0.0	0.0	1.0	0.00071122	13688.0	18.668169561000003
bc2171_bin_4	g__Advenella	Bacteria	Pseudomonadota	Gammaproteobacteria	Burkholderiales	Burkholderiaceae	Advenella		100.0	0.38	4650029.0	4650029.0	1.0	751.0	1.13731	54.0	0.0578854	32.0	0.0299895	0.0	0.0	192.0	0.265224	688.0	0.9244950000000001	267.0	0.398938	2.0	0.0036189	0.0	0.0	0.0	0.0	0.0	0.0	0.0	0.0	10.0	0.0170792	481.0	0.68538	0.0	0.0	200.0	0.30681	0.0	0.0	0.0	0.0	1.0	0.00103978	66.0	0.062123300000000006	8974.0	22.5744	0.0	0.0	1.0	0.00053376	0.0	0.0	11719.0	26.46482684
bc2166_bin_922	g__Advenella	Bacteria	Pseudomonadota	Gammaproteobacteria	Burkholderiales	Burkholderiaceae	Advenella		99.78	2.39	9424368.0	206410.0	73.0	240.0	0.17869610837158525	59.0	0.03178417532836154	52.0	0.02952538341771883	2.0	0.0013749460893207907	446.0	0.3621023488312808	543.0	0.30298996352070506	2814.0	2.908789652448631	4.0	0.0036149903977433823	39.0	0.0069524005895143315	1.0	5.9951033151506824e-05	0.0	0.0	2.0	0.0013052342418080447	69.0	0.054665014800430116	216.0	0.14100882854449232	5.0	0.00077734675213765	6733.0	5.061557698120447	2.0	0.0007531543898200919	1.0	0.0001431397500606937	2.0	0.0016294990511406173	32.0	0.01378099174638448	9.0	0.0043313266093386845	1.0	0.002770055046704458	7.0	0.004523594644194709	0.0	0.0	11279.0	9.11313580372497
bc2169_bin_158	g__Bordetella	Bacteria	Pseudomonadota	Gammaproteobacteria	Burkholderiales	Burkholderiaceae	Bordetella		99.99	0.28	5372283.0	5372283.0	1.0	15.0	0.00521938	10779.0	17.5288	16.0	0.0339247	0.0	0.0	0.0	0.0	5.0	0.00167303	27.0	0.00917822	0.0	0.0	0.0	0.0	0.0	0.0	0.0	0.0	0.0	0.0	1.0	0.0008534549999999999	19.0	0.011112	0.0	0.0	0.0	0.0	0.0	0.0	0.0	0.0	0.0	0.0	17.0	0.0170112	218.0	0.334266	0.0	0.0	0.0	0.0	0.0	0.0	11097.0	17.942037985
bc2127_bin_485	Unclassified	Unclassified							65.45	13.45	10821647.0	5749.0	1942.0	0.0	0.0	2.0	0.00026206837887061	6.0	0.0018930586152921083	23.0	0.0015985556855624657	5.0	0.0014358268439175663	4.0	0.0004826442652398475	2.0	0.0010981689315868461	1349.0	0.5154054307129036	0.0	0.0	175.0	0.12707503364321532	173.0	0.02589088025270091	0.0	0.0	0.0	0.0	0.0	0.0	313.0	0.20441375432963207	2.0	0.00012595122531718138	157.0	0.011427269295514814	0.0	0.0	1083.0	0.44585798620570416	210.0	0.06573177653872835	35.0	0.012924563568743278	7073.0	3.2892043796286274	5.0	0.0009020807106348968	275.0	0.09979202674971749	10892.0	4.805521455581909
bc2169_bin_19	g__Aquamicrobium_A	Bacteria	Pseudomonadota	Alphaproteobacteria	Rhizobiales	Rhizobiaceae	Aquamicrobium_A		99.96	0.0	4271679.0	4271679.0	1.0	60.0	0.0317098	9911.0	20.6919	11.0	0.0239208	0.0	0.0	0.0	0.0	29.0	0.0225136	131.0	0.156064	0.0	0.0	0.0	0.0	0.0	0.0	0.0	0.0	0.0	0.0	5.0	0.00287288	429.0	0.759291	0.0	0.0	5.0	0.00360982	0.0	0.0	0.0	0.0	0.0	0.0	2.0	0.00175271	0.0	0.0	0.0	0.0	0.0	0.0	0.0	0.0	10583.0	21.693634610000004
bc2169_bin_20	g__Pelagibacterium	Bacteria	Pseudomonadota	Alphaproteobacteria	Rhizobiales	Devosiaceae	Pelagibacterium		99.94	0.37	3610009.0	3610009.0	1.0	21.0	0.0151066	10484.0	26.1405	3.0	0.0080371	0.0	0.0	0.0	0.0	0.0	0.0	22.0	0.0137928	0.0	0.0	0.0	0.0	0.0	0.0	0.0	0.0	0.0	0.0	1.0	0.00024099700000000004	16.0	0.0323742	0.0	0.0	27.0	0.0458428	0.0	0.0	0.0	0.0	0.0	0.0	2.0	0.00289639	0.0	0.0	0.0	0.0	0.0	0.0	0.0	0.0	10576.0	26.258790886999996
bc2165_bin_12	s__Stenotrophomonas maltophilia_G	Bacteria	Pseudomonadota	Gammaproteobacteria	Xanthomonadales	Xanthomonadaceae	Stenotrophomonas	Stenotrophomonas maltophilia_G	100.0	0.18	4615726.0	4615726.0	1.0	2.0	0.00221179	85.0	0.0403033	3.0	0.00147257	8.0	0.00425654	6.0	0.00255431	2.0	0.000739862	5.0	0.00317761	28.0	0.015331900000000002	5.0	0.00170417	2.0	0.00133218	6.0	0.00329591	6.0	0.00238099	1.0	0.000404487	6741.0	13.9071	8.0	0.00295122	17.0	0.0164	14.0	0.00657426	25.0	0.011109	14.0	0.0061362	24.0	0.0217034	3247.0	7.14439	18.0	0.00803449	11.0	0.00603177	19.0	0.012288	10297.0	21.221883959
bc2169_bin_128	s__Luteimonas abyssi	Bacteria	Pseudomonadota	Gammaproteobacteria	Xanthomonadales	Xanthomonadaceae	Luteimonas	Luteimonas abyssi	99.55	0.82	3905832.0	2640334.0	2.0	173.0	0.4437022248581097	8446.0	19.013837156488037	10.0	0.00556475370560741	1.0	0.00040298740510088507	0.0	0.0	34.0	0.008150370771502716	946.0	2.3507144975103893	5.0	0.0068838116936673155	0.0	0.0	1.0	0.000667207165250323	1.0	0.0005274162196776513	1.0	0.00015643266042676695	31.0	0.07407692283462268	69.0	0.16177466250775763	0.0	0.0	0.0	0.0	0.0	0.0	7.0	0.0036081920823578693	3.0	0.0025149565021065933	0.0	0.0	1.0	0.00027343707076904483	0.0	0.0	1.0	0.000667207165250323	3.0	0.0014749734917938098	9733.0	22.07499721013243
bc2124_bin_381	s__Nocardiopsis eucommiae	Bacteria	Actinomycetota	Actinomycetes	Streptosporangiales	Streptosporangiaceae	Nocardiopsis	Nocardiopsis eucommiae	99.9	1.64	5987887.0	1390012.0	17.0	10.0	0.010547949488692756	16.0	0.01370181493994292	218.0	0.2982177688807421	6.0	0.003362282923114614	39.0	0.034456219272820277	0.0	0.0	3712.0	5.774304649867307	6.0	0.005467540346669868	53.0	0.04879851890992599	63.0	0.062303275668361816	2.0	0.001330352922825698	47.0	0.03963724588179102	213.0	0.291217808884002	10.0	0.009005359934147052	157.0	0.14402556758400753	5.0	0.004316379844494393	3.0	0.0021633674085700014	4317.0	6.4243823302564	14.0	0.013315702346386965	1.0	0.0009591037452777582	0.0	0.0	3.0	0.0029015226606647717	103.0	0.09452199071224958	42.0	0.036997500496809645	9040.0	13.315934252975204
bc2171_bin_36	s__Brucella pseudogrignonensis	Bacteria	Pseudomonadota	Alphaproteobacteria	Rhizobiales	Rhizobiaceae	Brucella	Brucella pseudogrignonensis	99.31	0.03	4146461.0	2464969.0	2.0	0.0	0.0	0.0	0.0	0.0	0.0	0.0	0.0	0.0	0.0	0.0	0.0	6.0	0.020268114030699915	4.0	0.006782409225399684	0.0	0.0	0.0	0.0	0.0	0.0	0.0	0.0	0.0	0.0	0.0	0.0	0.0	0.0	0.0	0.0	0.0	0.0	0.0	0.0	0.0	0.0	5314.0	7.482097779791007	2817.0	7.605132937922243	0.0	0.0	0.0	0.0	0.0	0.0	8141.0	15.114281240969351
bc2173_bin_828	g__Nocardiopsis	Bacteria	Actinomycetota	Actinomycetes	Streptosporangiales	Streptosporangiaceae	Nocardiopsis		65.64	14.98	5438097.0	75974.0	78.0	293.0	0.3451926387834568	596.0	0.7122174184264771	167.0	0.17959735786143574	2.0	0.0006643851280880058	59.0	0.06360607751445037	131.0	0.18648390383832802	2696.0	5.022291192725323	0.0	0.0	2.0	0.004617790983316407	2969.0	3.5397975631042256	0.0	0.0	231.0	0.14564681028585919	454.0	0.517468811557315	39.0	0.04714422028330866	113.0	0.13884347405583242	113.0	0.14625225816108098	0.0	0.0	15.0	0.020746429819732896	21.0	0.018201941188250227	99.0	0.10617077844716635	8.0	0.0067764484452373696	1.0	0.0012609149928734262	2.0	0.0009014184532567184	5.0	0.0038406782070547836	8016.0	11.20772251226207
bc2166_bin_10	s__Paenibacillus xylanexedens_B	Bacteria	Bacillota	Bacilli	Paenibacillales	Paenibacillaceae	Paenibacillus	Paenibacillus xylanexedens_B	100.0	0.2	6678054.0	6678054.0	1.0	0.0	0.0	0.0	0.0	403.0	0.500561	0.0	0.0	0.0	0.0	0.0	0.0	0.0	0.0	1.0	0.000575317	0.0	0.0	5.0	0.00382776	0.0	0.0	96.0	0.128283	0.0	0.0	2.0	0.00232403	0.0	0.0	7404.0	9.9122	1.0	0.0008171539999999998	0.0	0.0	2.0	0.000589842	0.0	0.0	0.0	0.0	0.0	0.0	0.0	0.0	0.0	0.0	7914.0	10.549178103
bc2169_bin_28	g__Microbacterium	Bacteria	Actinomycetota	Actinomycetes	Actinomycetales	Microbacteriaceae	Microbacterium		100.0	0.17	3773607.0	3773607.0	1.0	1068.0	2.50587	5297.0	12.4253	10.0	0.0216718	0.0	0.0	0.0	0.0	0.0	0.0	74.0	0.1358	0.0	0.0	0.0	0.0	0.0	0.0	0.0	0.0	0.0	0.0	5.0	0.00721458	471.0	1.02463	0.0	0.0	40.0	0.0814518	0.0	0.0	0.0	0.0	0.0	0.0	6.0	0.00735689	83.0	0.158851	0.0	0.0	0.0	0.0	0.0	0.0	7054.0	16.36814607
bc2123_bin_556	g__Aureimonas	Bacteria	Pseudomonadota	Alphaproteobacteria	Rhizobiales	Rhizobiaceae	Aureimonas		55.17	3.86	3525599.0	39943.0	96.0	9.0	0.01956347295429798	124.0	0.257805726413781	102.0	0.22658750208495068	0.0	0.0	246.0	0.47398820563427657	54.0	0.102980269974237	1.0	0.0005709670301415448	159.0	0.16176439447764762	185.0	0.36179152077136395	407.0	0.505507248441045	3.0	0.0026038139640384515	1194.0	2.911164258544151	29.0	0.047006482411584526	37.0	0.03472459759186453	1516.0	3.0933263741427197	19.0	0.03155066467485383	9.0	0.005496929440018562	2316.0	4.887881964931349	34.0	0.03730486366535162	1.0	0.0009552981913144404	56.0	0.07635012130846418	36.0	0.058779521192852624	409.0	0.8276280312293032	14.0	0.025416969157581452	6960.0	14.150749198227189
bc2172_bin_149	g__Bordetella_B	Bacteria	Pseudomonadota	Gammaproteobacteria	Burkholderiales	Burkholderiaceae	Bordetella_B		94.6	0.39	5821250.0	181869.0	73.0	1.0	0.0003167702364784196	9.0	0.005184094203873738	0.0	0.0	0.0	0.0	0.0	0.0	0.0	0.0	46.0	0.028539410310747693	98.0	0.07331575273207645	0.0	0.0	0.0	0.0	0.0	0.0	0.0	0.0	1.0	0.00021438689027270774	266.0	0.418774501383105	0.0	0.0	4.0	0.0030172288898604256	0.0	0.0	0.0	0.0	86.0	0.08506950909649989	3953.0	4.206870420524457	1094.0	1.4660521029457592	758.0	0.7745490710414429	0.0	0.0	18.0	0.01728460665046167	6334.0	7.079187854905035
bc2164_bin_51	g__Advenella	Bacteria	Pseudomonadota	Gammaproteobacteria	Burkholderiales	Burkholderiaceae	Advenella		61.97	6.65	2868363.0	92195.0	39.0	1792.0	5.467282968886782	131.0	0.36185634197562166	279.0	0.7849245698574414	0.0	0.0	505.0	1.3967729848969603	1699.0	5.276942855555591	261.0	0.8191129663601155	3.0	0.004993096076472887	0.0	0.0	0.0	0.0	0.0	0.0	0.0	0.0	12.0	0.030890100107692088	1136.0	3.280366175747281	0.0	0.0	408.0	1.1728695311222463	0.0	0.0	0.0	0.0	0.0	0.0	78.0	0.1424376964403041	9.0	0.019262583249679346	0.0	0.0	0.0	0.0	0.0	0.0	6313.0	18.75771187027619
bc2122_bin_11	s__Bacillus velezensis	Bacteria	Bacillota	Bacilli	Bacillales	Bacillaceae	Bacillus	Bacillus velezensis	100.0	0.02	3850925.0	2028920.0	2.0	3.0	0.0006637347747878757	0.0	0.0	0.0	0.0	0.0	0.0	0.0	0.0	3.0	0.0008242180436128982	0.0	0.0	0.0	0.0	0.0	0.0	0.0	0.0	0.0	0.0	0.0	0.0	1.0	0.0015770231167057266	0.0	0.0	6060.0	14.113593292520628	0.0	0.0	0.0	0.0	0.0	0.0	0.0	0.0	0.0	0.0	0.0	0.0	0.0	0.0	1.0	0.0009387364543324007	0.0	0.0	6068.0	14.117597004910067
bc2161_bin_10	s__Bacillus_A cereus	Bacteria	Bacillota	Bacilli	Bacillales	Bacillaceae_G	Bacillus_A	Bacillus_A cereus	100.0	0.0	5233164.0	5233164.0	1.0	5541.0	10.0213	0.0	0.0	0.0	0.0	0.0	0.0	0.0	0.0	0.0	0.0	0.0	0.0	0.0	0.0	0.0	0.0	0.0	0.0	0.0	0.0	0.0	0.0	0.0	0.0	0.0	0.0	0.0	0.0	2.0	0.00036498	0.0	0.0	0.0	0.0	0.0	0.0	0.0	0.0	0.0	0.0	0.0	0.0	0.0	0.0	0.0	0.0	5543.0	10.02166498
bc2161_bin_75	s__Cellulosimicrobium funkei	Bacteria	Actinomycetota	Actinomycetes	Actinomycetales	Cellulomonadaceae	Cellulosimicrobium	Cellulosimicrobium funkei	99.99	0.44	4444578.0	4444578.0	1.0	4670.0	10.2829	81.0	0.0315108	2.0	0.000538409	0.0	0.0	0.0	0.0	1.0	0.000241418	10.0	0.0025089	1.0	0.00136413	0.0	0.0	0.0	0.0	0.0	0.0	139.0	0.0625807	3.0	0.00125276	1.0	0.000203844	5.0	0.00124196	516.0	1.06228	0.0	0.0	0.0	0.0	0.0	0.0	0.0	0.0	0.0	0.0	0.0	0.0	0.0	0.0	0.0	0.0	5429.0	11.446622921
bc2169_bin_134	s__Advenella incenata	Bacteria	Pseudomonadota	Gammaproteobacteria	Burkholderiales	Burkholderiaceae	Advenella	Advenella incenata	80.62	0.51	3434384.0	175967.0	24.0	247.0	0.5448924745533698	1855.0	4.765343478984878	25.0	0.03907831935869723	0.0	0.0	150.0	0.29937266718858463	285.0	0.46829781705100537	1312.0	3.620166299639178	2.0	0.005174138401238766	0.0	0.0	0.0	0.0	0.0	0.0	0.0	0.0	30.0	0.07502398042659178	203.0	0.4291457753336552	0.0	0.0	115.0	0.22671443778328226	0.0	0.0	0.0	0.0	1.0	0.0017848907639914464	912.0	1.4691181781515987	128.0	0.39654083168935095	0.0	0.0	0.0	0.0	0.0	0.0	5265.0	12.340653289325422
bc2169_bin_787	g__Pseudonocardia	Bacteria	Actinomycetota	Actinomycetes	Mycobacteriales	Pseudonocardiaceae	Pseudonocardia		64.17	15.38	5557613.0	46492.0	131.0	49.0	0.04953385052561235	3399.0	4.147214246904202	98.0	0.1278082646611594	0.0	0.0	0.0	0.0	0.0	0.0	46.0	0.054753712598322346	0.0	0.0	0.0	0.0	189.0	0.22920774423409837	0.0	0.0	278.0	0.3822261951832918	143.0	0.1698716899089411	133.0	0.14001443702121757	11.0	0.011674780750548841	108.0	0.12682436495418087	0.0	0.0	1.0	0.00038793665294794725	1.0	0.00015060411039775532	18.0	0.015984735282782374	18.0	0.023756428816760003	0.0	0.0	0.0	0.0	1.0	0.0001551025953048548	4493.0	5.479564094199767
bc2169_bin_317	g__Pseudonocardia	Bacteria	Actinomycetota	Actinomycetes	Mycobacteriales	Pseudonocardiaceae	Pseudonocardia		69.34	16.03	4459501.0	44332.0	108.0	58.0	0.09576809520612284	3243.0	5.001717842399856	96.0	0.09315728797417021	0.0	0.0	0.0	0.0	1.0	0.0009106397453885536	67.0	0.10991816112735484	0.0	0.0	0.0	0.0	181.0	0.25878376191813834	0.0	0.0	137.0	0.2111886339770302	172.0	0.25797527326992414	133.0	0.20247757034872288	7.0	0.009156181631330501	134.0	0.2033050203506401	0.0	0.0	0.0	0.0	0.0	0.0	32.0	0.04240251797929858	20.0	0.040101562889166296	0.0	0.0	0.0	0.0	2.0	0.0003381541541979696	4283.0	6.527200702971341
bc2169_bin_103	s__Cumulibacter soli	Bacteria	Actinomycetota	Actinomycetes	Mycobacteriales	Antricoccaceae	Cumulibacter	Cumulibacter soli	93.48	0.71	3849589.0	292962.0	19.0	3.0	0.0013954742968742898	2051.0	4.813501954533328	4.0	0.010415657874664022	0.0	0.0	0.0	0.0	0.0	0.0	909.0	2.4638146830791547	3.0	0.004576852764048317	0.0	0.0	0.0	0.0	0.0	0.0	0.0	0.0	65.0	0.1486031436573359	408.0	1.0420370419452571	0.0	0.0	696.0	1.849620254062187	0.0	0.0	0.0	0.0	0.0	0.0	0.0	0.0	0.0	0.0	0.0	0.0	0.0	0.0	0.0	0.0	4139.0	10.333965062212851
bc2169_bin_121	g__Amoebophilus	Bacteria	Bacteroidota	Bacteroidia	Cytophagales_A	Amoebophilaceae	Amoebophilus		98.34	0.48	1792314.0	1792314.0	1.0	0.0	0.0	4044.0	20.1463	2.0	0.00720354	0.0	0.0	0.0	0.0	0.0	0.0	0.0	0.0	0.0	0.0	0.0	0.0	0.0	0.0	0.0	0.0	0.0	0.0	0.0	0.0	0.0	0.0	0.0	0.0	0.0	0.0	0.0	0.0	0.0	0.0	0.0	0.0	0.0	0.0	0.0	0.0	0.0	0.0	0.0	0.0	0.0	0.0	4046.0	20.15350354
bc2161_bin_38	g__Microbacterium	Bacteria	Actinomycetota	Actinomycetes	Actinomycetales	Microbacteriaceae	Microbacterium		99.81	4.63	3970143.0	2263026.0	4.0	3323.0	8.347396126880065	216.0	0.2994184827287077	3.0	0.0025157769256014205	0.0	0.0	4.0	0.0011281716595900955	11.0	0.004106400629856405	54.0	0.07712142213958037	0.0	0.0	0.0	0.0	0.0	0.0	0.0	0.0	9.0	0.004097839061540101	12.0	0.011913436316802695	126.0	0.18028234957053185	0.0	0.0	99.0	0.15892178897510745	0.0	0.0	0.0	0.0	1.0	0.00044633131465843923	18.0	0.023033175386629648	99.0	0.1823783827997883	0.0	0.0	0.0	0.0	0.0	0.0	3975.0	9.292759684388459
bc2165_bin_325	g__Aliihoeflea	Bacteria	Pseudomonadota	Alphaproteobacteria	Rhizobiales	Rhizobiaceae	Aliihoeflea		99.14	15.06	4459495.0	349439.0	38.0	43.0	0.029428923352265223	1046.0	1.8199853928248826	0.0	0.0	0.0	0.0	0.0	0.0	187.0	0.24747621061510328	432.0	0.9117134723628573	0.0	0.0	0.0	0.0	0.0	0.0	0.0	0.0	0.0	0.0	18.0	0.028407475563286877	2096.0	4.446839624208571	0.0	0.0	35.0	0.015734494491102695	0.0	0.0	0.0	0.0	0.0	0.0	0.0	0.0	0.0	0.0	0.0	0.0	1.0	0.00034196672699487275	0.0	0.0	3858.0	7.499927560145063
bc2173_bin_482	s__Paracoccus onubensis_A	Bacteria	Pseudomonadota	Alphaproteobacteria	Rhodobacterales	Rhodobacteraceae	Paracoccus	Paracoccus onubensis_A	92.16	2.49	4843498.0	451359.0	17.0	54.0	0.012616727657812597	209.0	0.15013358099556764	0.0	0.0	1.0	0.0008328687999045319	0.0	0.0	91.0	0.04147483365823626	2382.0	5.298341565840019	2.0	0.001449780692136138	0.0	0.0	0.0	0.0	1.0	0.0017386194921480303	1.0	0.0005989477982648077	90.0	0.15819861059271625	321.0	0.4213850671950314	0.0	0.0	262.0	0.534232868746596	0.0	0.0	0.0	0.0	1.0	0.0017361451949603364	63.0	0.07672357510976571	75.0	0.021608725668927707	0.0	0.0	0.0	0.0	2.0	0.0037072354900177518	3555.0	6.724779152932103
bc2174_bin_10	g__Brevibacterium	Bacteria	Actinomycetota	Actinomycetes	Actinomycetales	Brevibacteriaceae	Brevibacterium		82.19	0.23	3527624.0	541418.0	12.0	0.0	0.0	1.0	0.0012107297008836543	1.0	0.00037418991471880225	0.0	0.0	4.0	0.004492260652348436	0.0	0.0	8.0	0.019141223993628574	1.0	0.0021362806134383933	0.0	0.0	0.0	0.0	0.0	0.0	0.0	0.0	2762.0	7.056500914876415	0.0	0.0	0.0	0.0	621.0	1.7350937136837712	0.0	0.0	0.0	0.0	1.0	0.0021997816957816368	1.0	0.0005729082031021447	0.0	0.0	0.0	0.0	0.0	0.0	1.0	0.0035465738016296523	3401.0	8.825268577135716
bc2163_bin_3	s__Bacillus safensis	Bacteria	Bacillota	Bacilli	Bacillales	Bacillaceae	Bacillus	Bacillus safensis	99.43	0.14	3623249.0	1369808.0	4.0	8.0	0.014398120682304748	0.0	0.0	0.0	0.0	0.0	0.0	2858.0	7.488890855348336	1.0	0.003514524114859343	0.0	0.0	0.0	0.0	0.0	0.0	2.0	0.0019772311099623572	0.0	0.0	0.0	0.0	0.0	0.0	0.0	0.0	0.0	0.0	0.0	0.0	0.0	0.0	0.0	0.0	0.0	0.0	0.0	0.0	0.0	0.0	0.0	0.0	0.0	0.0	0.0	0.0	2869.0	7.508780731255462
bc2162_bin_99	s__Fontibacillus timonensis	Bacteria	Bacillota	Bacilli	Paenibacillales	Paenibacillaceae	Fontibacillus	Fontibacillus timonensis	95.19	0.07	5313106.0	239601.0	28.0	0.0	0.0	0.0	0.0	0.0	0.0	0.0	0.0	3.0	0.0062200989519388475	1.0	0.00021079949632474865	0.0	0.0	0.0	0.0	0.0	0.0	2550.0	4.300232514372949	0.0	0.0	1.0	0.0003711580628920259	0.0	0.0	0.0	0.0	0.0	0.0	0.0	0.0	0.0	0.0	0.0	0.0	16.0	0.006618547056254853	0.0	0.0	0.0	0.0	0.0	0.0	0.0	0.0	0.0	0.0	2571.0	4.313653117940359
bc2161_bin_266	g__Microbacterium	Bacteria	Actinomycetota	Actinomycetes	Actinomycetales	Microbacteriaceae	Microbacterium		75.16	21.41	3732908.0	109882.0	36.0	1405.0	3.8065720562253342	241.0	0.4025233307940619	2.0	0.000981273499320101	0.0	0.0	0.0	0.0	1.0	0.0005296146449363338	60.0	0.13844349728386018	2.0	0.004790621551830369	0.0	0.0	1.0	0.000282086121811735	0.0	0.0	2.0	0.0008165219842546348	13.0	0.020449728942100905	415.0	1.0128005774310003	2.0	0.0008157163218327374	259.0	0.6046146626820162	0.0	0.0	0.0	0.0	0.0	0.0	24.0	0.0389808689278975	87.0	0.16463778779932425	0.0	0.0	0.0	0.0	2.0	0.0007342799790190383	2516.0	6.1979726241886
bc2169_bin_1265	g__Sphingobacterium	Bacteria	Bacteroidota	Bacteroidia	Sphingobacteriales	Sphingobacteriaceae	Sphingobacterium		75.58	2.68	3290443.0	63632.0	65.0	0.0	0.0	1006.0	2.955611804237302	25.0	0.039818385607652225	1.0	0.000876477763024614	44.0	0.03496433179362171	4.0	0.004057203328092905	36.0	0.03204399856055856	0.0	0.0	30.0	0.03213582810885951	43.0	0.04356490951218423	0.0	0.0	6.0	0.005281659808420933	3.0	0.0034004537869217	4.0	0.003831704240128153	375.0	0.5025613013202174	1.0	0.0014268577498531352	0.0	0.0	663.0	0.7794807607972545	16.0	0.01826382841155431	1.0	0.0006111661317336298	27.0	0.06731981853871956	13.0	0.020006716035500388	101.0	0.10555961429813554	6.0	0.008893935710176411	2405.0	4.659710755739911
bc2173_bin_61	g__Bordetella_A	Bacteria	Pseudomonadota	Gammaproteobacteria	Burkholderiales	Burkholderiaceae	Bordetella_A		78.05	0.37	3935091.0	221094.0	27.0	1.0	0.00032985242008380487	12.0	0.007508341961367603	0.0	0.0	1.0	0.0025071873098741555	0.0	0.0	1.0	0.00033442671064023673	1571.0	4.322635395710035	2.0	0.00348556245494704	0.0	0.0	0.0	0.0	0.0	0.0	0.0	0.0	42.0	0.09213025248480912	9.0	0.016354889941777712	0.0	0.0	2.0	0.0005679663011808366	0.0	0.0	0.0	0.0	0.0	0.0	1.0	0.0008904518112541742	682.0	1.8403728267046429	0.0	0.0	0.0	0.0	0.0	0.0	2324.0	6.2871171538106125
bc2164_bin_65	g__Agrococcus	Bacteria	Actinomycetota	Actinomycetes	Actinomycetales	Microbacteriaceae	Agrococcus		87.91	0.17	3204766.0	198018.0	21.0	0.0	0.0	65.0	0.1479667549662284	12.0	0.011662628080209288	0.0	0.0	0.0	0.0	1460.0	4.336179801174252	207.0	0.6239053845597463	0.0	0.0	0.0	0.0	1.0	0.0008771302943803074	0.0	0.0	0.0	0.0	209.0	0.5685688712735969	20.0	0.04567102285506648	0.0	0.0	64.0	0.17639573239225578	1.0	0.0009308009213215567	0.0	0.0	0.0	0.0	13.0	0.019918766203398313	1.0	0.00038879588532828913	0.0	0.0	0.0	0.0	0.0	0.0	2053.0	5.9324656886057845
bc2169_bin_963	s__Nocardioides luteus	Bacteria	Actinomycetota	Actinomycetes	Propionibacteriales	Nocardioidaceae	Nocardioides	Nocardioides luteus	66.09	3.09	3351597.0	42613.0	80.0	5.0	0.009401192379036024	1137.0	2.7752560264584316	31.0	0.04900677608167092	0.0	0.0	2.0	0.0010221987088244798	6.0	0.003558305935349626	37.0	0.08977062695564532	0.0	0.0	0.0	0.0	35.0	0.05477389047105007	0.0	0.0	307.0	0.6789020651484352	26.0	0.032884962041856466	29.0	0.0755854671309528	127.0	0.2228821383497479	185.0	0.4145570386871691	0.0	0.0	1.0	0.0020978043902652975	0.0	0.0	0.0	0.0	0.0	0.0	2.0	0.0031695310528085567	28.0	0.054455267288996856	2.0	0.0021518157791643806	1960.0	4.469475106859404
bc2171_bin_5	s__Pigmentiphaga kullae	Bacteria	Pseudomonadota	Gammaproteobacteria	Burkholderiales	Burkholderiaceae	Pigmentiphaga	Pigmentiphaga kullae	91.35	0.76	5619259.0	206523.0	36.0	0.0	0.0	0.0	0.0	0.0	0.0	0.0	0.0	0.0	0.0	0.0	0.0	4.0	0.0008289356430055992	0.0	0.0	0.0	0.0	0.0	0.0	0.0	0.0	0.0	0.0	0.0	0.0	2.0	0.0005589695897092482	0.0	0.0	0.0	0.0	0.0	0.0	0.0	0.0	0.0	0.0	2.0	0.0013720647367028286	1930.0	3.8683271470330878	0.0	0.0	0.0	0.0	0.0	0.0	1938.0	3.8710871170025056
bc2173_bin_852	g__Orrella	Bacteria	Pseudomonadota	Gammaproteobacteria	Burkholderiales	Burkholderiaceae	Orrella		81.14	14.66	4426859.0	57630.0	86.0	18.0	0.027485625922307442	3.0	0.000578515121082465	0.0	0.0	0.0	0.0	0.0	0.0	0.0	0.0	1172.0	2.4151242527941372	1.0	0.0005848393075090035	0.0	0.0	0.0	0.0	0.0	0.0	0.0	0.0	33.0	0.046731822983903486	324.0	0.5025068734433829	0.0	0.0	0.0	0.0	0.0	0.0	0.0	0.0	0.0	0.0	0.0	0.0	54.0	0.10125463426795388	0.0	0.0	0.0	0.0	0.0	0.0	1605.0	3.0942665638402764
bc2169_bin_1405	g__Pseudactinotalea	Bacteria	Actinomycetota	Actinomycetes	Actinomycetales	Beutenbergiaceae	Pseudactinotalea		55.35	4.56	3506523.0	35554.0	103.0	56.0	0.08133841248450388	1166.0	2.4852345420206854	15.0	0.01748340911837738	0.0	0.0	0.0	0.0	1.0	0.0062948351640642304	35.0	0.06236006583361922	0.0	0.0	0.0	0.0	25.0	0.014890245880406317	0.0	0.0	14.0	0.018885946443100474	51.0	0.03466572288845674	23.0	0.026462954820715565	5.0	0.004485639290231378	37.0	0.06905526205885432	0.0	0.0	0.0	0.0	0.0	0.0	3.0	0.002280322776379907	6.0	0.007833968419428591	0.0	0.0	3.0	0.0029593378780062183	0.0	0.0	1440.0	2.8342306650768294
bc2169_bin_116	s__Aureimonas altamirensis	Bacteria	Pseudomonadota	Alphaproteobacteria	Rhizobiales	Rhizobiaceae	Aureimonas	Aureimonas altamirensis	64.28	0.88	3087177.0	73557.0	50.0	0.0	0.0	1114.0	3.1307288910386415	8.0	0.019609821549460883	0.0	0.0	0.0	0.0	0.0	0.0	91.0	0.11400249868669662	0.0	0.0	0.0	0.0	0.0	0.0	0.0	0.0	33.0	0.022054133650548705	2.0	0.003559237107882055	0.0	0.0	1.0	0.0003145276193104574	0.0	0.0	0.0	0.0	0.0	0.0	0.0	0.0	3.0	0.0029376347479914498	1.0	0.0004366449864714592	0.0	0.0	0.0	0.0	0.0	0.0	1253.0	3.2936433893870034
bc2166_bin_92	g__Pelagibacterium	Bacteria	Pseudomonadota	Alphaproteobacteria	Rhizobiales	Devosiaceae	Pelagibacterium		88.17	1.84	3077047.0	206007.0	27.0	16.0	0.008159118921072704	106.0	0.1506732758456403	0.0	0.0	0.0	0.0	0.0	0.0	0.0	0.0	11.0	0.0073395054492862806	0.0	0.0	0.0	0.0	0.0	0.0	0.0	0.0	0.0	0.0	0.0	0.0	0.0	0.0	0.0	0.0	1046.0	3.5991436209294174	1.0	0.0031764246434974833	0.0	0.0	0.0	0.0	0.0	0.0	0.0	0.0	0.0	0.0	0.0	0.0	0.0	0.0	1180.0	3.7684919457889143
bc2127_bin_1	Unclassified	Unclassified							61.3	9.33	3376366.0	4457.0	762.0	0.0	0.0	0.0	0.0	0.0	0.0	0.0	0.0	0.0	0.0	0.0	0.0	0.0	0.0	171.0	0.18893570683924668	0.0	0.0	0.0	0.0	8.0	0.007031227948036439	0.0	0.0	0.0	0.0	0.0	0.0	0.0	0.0	0.0	0.0	0.0	0.0	0.0	0.0	87.0	0.10298292400971933	31.0	0.033762927673125484	0.0	0.0	578.0	0.6891571927021537	0.0	0.0	16.0	0.01826342353257911	891.0	1.0401334027048608
bc2169_bin_911	s__Leucobacter sp020096995	Bacteria	Actinomycetota	Actinomycetes	Actinomycetales	Microbacteriaceae	Leucobacter	Leucobacter sp020096995	63.22	0.09	2402833.0	64098.0	46.0	4.0	0.0031125761115316794	747.0	2.7280270482218283	2.0	0.006959289412039871	0.0	0.0	0.0	0.0	0.0	0.0	3.0	0.0010687363083493526	0.0	0.0	0.0	0.0	0.0	0.0	0.0	0.0	0.0	0.0	0.0	0.0	0.0	0.0	0.0	0.0	84.0	0.2890928523725952	0.0	0.0	0.0	0.0	0.0	0.0	0.0	0.0	1.0	0.002556978033845881	0.0	0.0	0.0	0.0	0.0	0.0	841.0	3.03081748046019
bc2173_bin_45	g__Aureimonas	Bacteria	Pseudomonadota	Alphaproteobacteria	Rhizobiales	Rhizobiaceae	Aureimonas		52.63	1.86	2454754.0	58468.0	45.0	1.0	0.0002554220213104857	67.0	0.09292863452093367	1.0	0.0012347457057611476	0.0	0.0	0.0	0.0	15.0	0.020462330276679454	546.0	2.4246597802834824	1.0	0.002591698510726533	1.0	0.0001226190951924307	0.0	0.0	0.0	0.0	18.0	0.026865819133371407	12.0	0.04258920611971709	3.0	0.002644254733623002	0.0	0.0	2.0	0.0037172652053932896	0.0	0.0	0.0	0.0	0.0	0.0	3.0	0.008381299821163342	0.0	0.0	0.0	0.0	0.0	0.0	0.0	0.0	670.0	2.6264530754273543
bc2164_bin_13	g__Aliihoeflea	Bacteria	Pseudomonadota	Alphaproteobacteria	Rhizobiales	Rhizobiaceae	Aliihoeflea		50.69	0.14	1921745.0	58067.0	40.0	30.0	0.09383138606022132	80.0	0.12109951109028513	0.0	0.0	0.0	0.0	0.0	0.0	443.0	2.2616946123393062	21.0	0.06305619915295733	1.0	0.002679329582228652	0.0	0.0	0.0	0.0	0.0	0.0	0.0	0.0	0.0	0.0	17.0	0.03878559916799575	0.0	0.0	0.0	0.0	0.0	0.0	0.0	0.0	0.0	0.0	0.0	0.0	0.0	0.0	0.0	0.0	0.0	0.0	0.0	0.0	592.0	2.5811466373929948
