	sample	Bin	Dataset	Complete	Single	Duplicated	Fragmented	Missing	n_markers	Scaffold N50	Contigs N50	Percent gaps	Number of scaffolds	Completeness	Contamination	Completeness_Model_Used	Translation_Table_Used	Coding_Density	Contig_N50	Average_Gene_Length	Genome_Size	GC_Content	Total_Coding_Sequences	Additional_Notes	n_genes_called	n_genes_mapped	n_contigs	taxonomic_level	proportion_genes_retained_in_major_clades	genes_retained_index	clade_separation_score	contamination_portion	n_effective_surplus_clades	mean_hit_identity	reference_representation_score	pass.GUNC	# contigs (>= 0 bp)	# contigs (>= 1000 bp)	# contigs (>= 5000 bp)	# contigs (>= 10000 bp)	# contigs (>= 25000 bp)	# contigs (>= 50000 bp)	Total length (>= 0 bp)	Total length (>= 1000 bp)	Total length (>= 5000 bp)	Total length (>= 10000 bp)	Total length (>= 25000 bp)	Total length (>= 50000 bp)	# contigs	Largest contig	Total length	GC (%)	N50	N90	auN	L50	L90	# N's per 100 kbp
0	bc2121_lorbin	bin_5	bacteria_odb10	50.0	48.4	1.6	4.0	46.0	124	34279	34279	0.000%	105	42.87	5.97	Neural Network (Specific Model)	11	0.835	34279	280.79774252593046	3291975	0.73	3278	None	3235	3038	105	family	0.91	0.85	0.96	0.54	1.48	0.87	0.74	False	105	105	105	105	68	7	3291975	3291975	3291975	3291975	2557259	421925	105	68626	3291975	72.5	34279	21201	35934.4	37	86	0.0
1	bc2123_SemiBin2	SemiBin_19	bacteria_odb10	34.7	34.7	0.0	4.8	60.5	124	62217	62217	0.000%	8	7.36	0.03	Neural Network (Specific Model)	11	0.873	62217	287.1106471816284	471653	0.69	479	None	474	450	8	genus	0.82	0.78	0.87	0.23	0.57	0.87	0.68	False	8	8	8	8	8	6	471653	471653	471653	471653	471653	382457	8	72135	471653	69.28	62217	46623	60417.7	4	7	0.0
2	bc2123_SemiBin2	SemiBin_2	bacteria_odb10	7.3	7.3	0.0	0.8	91.9	124	40532	40532	0.000%	18	9.93	0.06	Neural Network (Specific Model)	11	0.854	40532	239.87231503579952	702082	0.52	838	None	815	770	18	order	0.99	0.94	1.0	0.07	0.15	0.89	0.84	False	18	18	18	18	18	3	702082	702082	702082	702082	702082	155303	18	53060	702082	52.04	40532	27767	40792.7	8	16	0.0
3	bc2123_lorbin	bin_10	bacteria_odb10	26.6	25.0	1.6	6.5	66.9	124	35646	35646	0.000%	96	28.43	2.84	Neural Network (Specific Model)	11	0.782	35646	251.8644224830142	3113242	0.69	3238	None	3253	2578	96	genus	0.8	0.63	0.93	0.69	3.23	0.85	0.54	False	96	96	96	96	72	4	3113242	3113242	3113242	3113242	2650231	250483	96	82289	3113242	68.74	35646	23077	36317.1	37	79	0.0
4	bc2123_lorbin	bin_11	bacteria_odb10	39.5	38.7	0.8	6.5	54.0	124	45261	45261	0.000%	92	46.91	3.77	Gradient Boost (General Model)	11	0.822	45261	254.37286980231767	4062781	0.58	4401	None	4542	3776	90	genus	0.74	0.62	0.95	0.6	2.62	0.86	0.53	False	92	92	91	90	69	15	4062781	4062781	4058033	4049377	3625870	1633262	92	752618	4062781	57.93	45261	23314	175141.2	24	71	0.0
5	bc2121_SemiBin2	SemiBin_0	bacteria_odb10	8.9	8.9	0.0	21.8	69.3	124	2205278	2205278	0.000%	75	0.0	50.3	Neural Network (Specific Model)	4	0.739	2205278	211.6381667581458	34126933	0.58	40082	None	27482	6880	71	kingdom	1.0	0.25	0.0	0.07	0.15	0.41	0.1	True	75	75	75	73	49	27	34126933	34126933	34126933	34111561	33687939	32961857	75	4256608	34126933	57.71	2205278	528236	2174962.5	6	19	0.0
6	bc2121_SemiBin2	SemiBin_1	bacteria_odb10	100.0	100.0	0.0	0.0	0.0	124	6193895	6193895	0.000%	1	99.93	0.14	Neural Network (Specific Model)	11	0.858	6193895	333.1924088688463	6193895	0.7	5322	None	5291	5178	1	kingdom	1.0	0.98	0.0	0.0	0.0	0.86	0.84	True	1	1	1	1	1	1	6193895	6193895	6193895	6193895	6193895	6193895	1	6193895	6193895	69.85	6193895	6193895	6193895.0	1	1	0.0
7	bc2121_SemiBin2	SemiBin_10	bacteria_odb10	95.2	95.2	0.0	2.4	2.4	124	1706567	1706567	0.000%	5	100.0	0.91	Neural Network (Specific Model)	11	0.893	1706567	317.2532242843661	3382709	0.72	3179	None	3174	3129	5	kingdom	1.0	0.99	0.0	0.0	0.0	0.95	0.93	True	5	5	5	5	5	5	3382709	3382709	3382709	3382709	3382709	3382709	5	1706567	3382709	71.92	1706567	330643	1097771.6	1	4	0.0
8	bc2121_SemiBin2	SemiBin_11	bacteria_odb10	2.4	2.4	0.0	1.6	96.0	124	225488	225488	0.000%	1	6.25	0.0	Neural Network (Specific Model)	11	0.892	225488	349.671875	225488	0.71	192	None	193	188	1	kingdom	1.0	0.97	0.0	0.0	0.0	0.76	0.74	True	1	1	1	1	1	1	225488	225488	225488	225488	225488	225488	1	225488	225488	71.19	225488	225488	225488.0	1	1	0.0
9	bc2121_SemiBin2	SemiBin_12	bacteria_odb10	7.3	7.3	0.0	0.0	92.7	124	182869	182869	0.000%	3	4.93	0.0	Neural Network (Specific Model)	11	0.846	182869	306.796992481203	288893	0.72	266	None	260	245	3	order	0.96	0.91	0.03	0.05	0.1	0.76	0.69	True	3	3	3	3	3	2	288893	288893	288893	288893	288893	240849	3	182869	288893	71.8	182869	48044	135382.2	1	3	0.0
10	bc2121_SemiBin2	SemiBin_2	bacteria_odb10	100.0	98.4	1.6	0.0	0.0	124	8236991	8236991	0.000%	1	100.0	0.02	Neural Network (Specific Model)	11	0.887	8236991	351.7533890972022	8236991	0.73	6934	None	6943	6903	1	kingdom	1.0	0.99	0.0	0.0	0.0	0.94	0.94	True	1	1	1	1	1	1	8236991	8236991	8236991	8236991	8236991	8236991	1	8236991	8236991	72.57	8236991	8236991	8236991.0	1	1	0.0
11	bc2121_SemiBin2	SemiBin_3	bacteria_odb10	1.6	1.6	0.0	0.8	97.6	124	2864735	2864735	0.000%	17	6.66	3.79	Neural Network (Specific Model)	4	0.728	2864735	216.89538714991764	3227091	0.58	3642	None	2476	695	17	kingdom	1.0	0.28	0.0	0.06	0.13	0.41	0.12	True	17	17	17	16	6	2	3227091	3227091	3227091	3220044	3038406	2916255	17	2864735	3227091	58.0	2864735	51520	2546136.3	1	2	0.0
12	bc2121_SemiBin2	SemiBin_4	bacteria_odb10	60.5	58.9	1.6	0.8	38.7	124	366236	366236	0.000%	20	62.2	0.0	Neural Network (Specific Model)	11	0.866	366236	332.77190170940173	4305109	0.73	3744	None	3756	3640	20	order	0.95	0.92	0.05	0.02	0.05	0.78	0.71	True	20	20	19	19	18	17	4305109	4305109	4301002	4301002	4282348	4255859	20	974556	4305109	72.97	366236	127033	433430.5	4	13	0.0
13	bc2121_SemiBin2	SemiBin_5	bacteria_odb10	56.5	56.5	0.0	13.7	29.8	124	48530	48530	0.000%	66	50.3	0.54	Neural Network (Specific Model)	11	0.851	48530	257.3965410747375	2925377	0.58	3238	None	3228	3171	66	family	0.99	0.97	0.04	0.04	0.08	0.97	0.94	True	66	66	66	66	55	19	2925377	2925377	2925377	2925377	2698717	1449002	66	172309	2925377	57.76	48530	26547	60099.6	20	53	0.0
14	bc2121_SemiBin2	SemiBin_6	bacteria_odb10	69.3	68.5	0.8	7.3	23.4	124	56463	56463	0.000%	67	66.81	0.0	Neural Network (Specific Model)	11	0.855	56463	294.0309278350516	3290247	0.73	3201	None	3216	3043	67	family	0.89	0.85	0.19	0.02	0.05	0.85	0.72	True	67	67	67	67	57	26	3290247	3290247	3290247	3290247	3094781	1994453	67	141791	3290247	72.53	56463	29330	66355.2	20	53	0.0
15	bc2121_SemiBin2	SemiBin_7	bacteria_odb10	41.9	40.3	1.6	7.3	50.8	124	40358	40358	0.000%	97	42.05	0.81	Neural Network (Specific Model)	11	0.819	40358	268.94323144104806	3595212	0.73	3664	None	3570	3417	97	kingdom	1.0	0.96	0.0	0.0	0.0	0.95	0.91	True	97	97	97	97	73	18	3595212	3595212	3595212	3595212	3110594	1140679	97	85975	3595212	73.45	40358	22499	43989.2	33	79	0.0
16	bc2121_SemiBin2	SemiBin_8	bacteria_odb10	50.0	41.9	8.1	4.8	45.2	124	63688	63688	0.000%	38	48.63	5.2	Gradient Boost (General Model)	11	0.868	63688	297.30883103624296	2006235	0.71	1959	None	1966	1837	38	genus	0.91	0.85	0.12	0.03	0.07	0.77	0.65	True	38	38	38	38	26	14	2006235	2006235	2006235	2006235	1801756	1370100	38	260767	2006235	70.72	63688	23994	104382.6	8	27	0.0
17	bc2121_SemiBin2	SemiBin_9	bacteria_odb10	71.8	60.5	11.3	5.6	22.6	124	209884	209884	0.000%	36	73.11	8.25	Gradient Boost (General Model)	11	0.875	209884	302.1337156655599	3421931	0.71	3313	None	3320	3179	36	kingdom	1.0	0.96	0.0	0.0	0.0	0.76	0.73	True	36	36	36	36	26	17	3421931	3421931	3421931	3421931	3234173	2894143	36	684979	3421931	71.07	209884	39469	263397.2	5	22	0.0
18	bc2121_lorbin	bin_0	bacteria_odb10	100.0	98.4	1.6	0.0	0.0	124	8236992	8236992	0.000%	1	100.0	0.02	Neural Network (Specific Model)	11	0.887	8236992	351.6783448673587	8236992	0.73	6936	None	6943	6903	1	kingdom	1.0	0.99	0.0	0.0	0.0	0.94	0.94	True	1	1	1	1	1	1	8236992	8236992	8236992	8236992	8236992	8236992	1	8236992	8236992	72.57	8236992	8236992	8236992.0	1	1	0.0
19	bc2121_lorbin	bin_1	bacteria_odb10	100.0	100.0	0.0	0.0	0.0	124	6193895	6193895	0.000%	1	99.93	0.14	Neural Network (Specific Model)	11	0.858	6193895	333.32017296484304	6193895	0.7	5319	None	5295	5178	1	kingdom	1.0	0.98	0.0	0.0	0.0	0.86	0.84	True	1	1	1	1	1	1	6193895	6193895	6193895	6193895	6193895	6193895	1	6193895	6193895	69.85	6193895	6193895	6193895.0	1	1	0.0
20	bc2121_lorbin	bin_10	bacteria_odb10	2.4	2.4	0.0	4.0	93.6	124	109230	109230	0.000%	150	0.0	13.84	Neural Network (Specific Model)	4	0.717	109230	192.4314506858763	10386956	0.56	13049	None	9954	2355	143	kingdom	1.0	0.24	0.0	0.03	0.07	0.44	0.11	True	150	150	149	146	99	63	10386956	10386956	10381993	10360776	9519763	8295663	150	607412	10386956	55.83	109230	28914	167462.6	24	93	0.0
21	bc2121_lorbin	bin_2	bacteria_odb10	81.4	79.8	1.6	9.7	8.9	124	80042	80042	0.000%	94	76.04	0.09	Neural Network (Specific Model)	11	0.842	80042	295.7149749131609	5439824	0.73	5182	None	5146	4924	94	kingdom	1.0	0.96	0.0	0.0	0.0	0.77	0.74	True	94	94	94	94	79	40	5439824	5439824	5439824	5439824	5138542	3768964	94	225330	5439824	72.86	80042	27315	92100.9	23	70	0.0
22	bc2121_lorbin	bin_3	bacteria_odb10	75.8	75.8	0.0	12.1	12.1	124	212623	212623	0.000%	23	83.25	1.26	Neural Network (Specific Model)	11	0.871	212623	293.0221224751523	3138583	0.72	3119	None	3082	2993	23	kingdom	1.0	0.97	0.0	0.0	0.0	0.94	0.91	True	23	23	23	23	22	17	3138583	3138583	3138583	3138583	3120471	2910477	23	438093	3138583	72.01	212623	55418	216607.5	6	16	0.0
23	bc2121_lorbin	bin_4	bacteria_odb10	70.1	64.5	5.6	11.3	18.6	124	69692	69692	0.000%	58	73.21	6.56	Gradient Boost (General Model)	11	0.859	69692	286.7297215496368	3295211	0.71	3304	None	3298	3158	58	kingdom	1.0	0.96	0.0	0.0	0.0	0.77	0.73	True	58	58	58	58	50	26	3295211	3295211	3295211	3295211	3154531	2283378	58	227436	3295211	71.07	69692	30418	84066.5	16	43	0.0
24	bc2121_lorbin	bin_6	bacteria_odb10	25.8	25.8	0.0	3.2	71.0	124	37681	37681	0.000%	32	24.8	0.11	Neural Network (Specific Model)	11	0.853	37681	254.2355305466238	1107017	0.58	1244	None	1249	1226	32	genus	0.98	0.96	0.05	0.02	0.04	0.98	0.94	True	32	32	32	32	24	6	1107017	1107017	1107017	1107017	944399	341511	32	63114	1107017	58.03	37681	22879	39773.5	11	27	0.0
25	bc2121_lorbin	bin_7	bacteria_odb10	4.0	4.0	0.0	14.5	81.5	124	231107	231107	0.000%	81	0.01	3.9	Neural Network (Specific Model)	4	0.758	231107	212.8470729548616	13189772	0.58	15818	None	13979	2732	81	kingdom	1.0	0.2	0.0	0.08	0.18	0.42	0.08	True	81	81	81	81	78	70	13189772	13189772	13189772	13189772	13136834	12854719	81	462678	13189772	58.27	231107	76866	243857.7	21	55	0.0
26	bc2121_lorbin	bin_8	bacteria_odb10	1.6	1.6	0.0	4.0	94.4	124	337540	337540	0.000%	27	0.42	3.82	Neural Network (Specific Model)	4	0.742	337540	222.3204	4459682	0.59	5000	None	3532	891	27	kingdom	1.0	0.25	0.0	0.09	0.2	0.41	0.1	True	27	27	27	27	26	22	4459682	4459682	4459682	4459682	4437603	4279527	27	467487	4459682	59.04	337540	62649	278613.7	6	18	0.0
27	bc2121_lorbin	bin_9	bacteria_odb10	0.8	0.8	0.0	2.4	96.8	124	165049	165049	0.000%	72	0.39	9.25	Neural Network (Specific Model)	4	0.74	165049	209.449972421401	7623559	0.59	9065	None	7145	1527	71	kingdom	1.0	0.21	0.0	0.07	0.15	0.41	0.09	True	72	72	72	72	65	47	7623559	7623559	7623559	7623559	7505438	6800956	72	346387	7623559	58.62	165049	49152	166600.2	17	49	0.0
28	bc2122_SemiBin2	SemiBin_0	bacteria_odb10	2.4	2.4	0.0	5.6	92.0	124	3105185	3105185	0.000%	3	0.5	5.26	Neural Network (Specific Model)	4	0.741	3105185	219.92184956040376	5414152	0.58	6142	None	5596	1120	3	kingdom	1.0	0.2	0.0	0.06	0.13	0.42	0.08	True	3	3	3	3	3	3	5414152	5414152	5414152	5414152	5414152	5414152	3	3105185	5414152	57.89	3105185	2213515	2687573.9	1	2	0.0
29	bc2122_SemiBin2	SemiBin_1	bacteria_odb10	0.0	0.0	0.0	0.8	99.2	124	220536	220536	0.000%	1	4.82	0.0	Neural Network (Specific Model)	11	0.594	220536	200.1187214611872	220536	0.57	219	None	263	42	1	kingdom	1.0	0.16	0.0	0.1	0.21	0.45	0.07	True	1	1	1	1	1	1	220536	220536	220536	220536	220536	220536	1	220536	220536	56.69	220536	220536	220536.0	1	1	0.0
30	bc2122_SemiBin2	SemiBin_10	bacteria_odb10	0.0	0.0	0.0	2.4	97.6	124	3735183	3735183	0.000%	1	0.17	5.43	Neural Network (Specific Model)	4	0.814	3735183	214.81584448160527	3735183	0.55	4784	None	4399	758	1	kingdom	1.0	0.17	0.0	0.1	0.22	0.41	0.07	True	1	1	1	1	1	1	3735183	3735183	3735183	3735183	3735183	3735183	1	3735183	3735183	55.19	3735183	3735183	3735183.0	1	1	0.0
31	bc2122_SemiBin2	SemiBin_2	bacteria_odb10	0.0	0.0	0.0	0.0	100.0	124	247055	247055	0.000%	1	3.17	0.0	Neural Network (Specific Model)	4	0.701	247055	176.7250755287009	247055	0.52	331	None	134	28	1	kingdom	1.0	0.21	0.0	0.0	0.0	0.42	0.09	True	1	1	1	1	1	1	247055	247055	247055	247055	247055	247055	1	247055	247055	51.81	247055	247055	247055.0	1	1	0.0
32	bc2122_SemiBin2	SemiBin_3	bacteria_odb10	0.0	0.0	0.0	0.0	100.0	124	351418	351418	0.000%	1	4.89	0.01	Neural Network (Specific Model)	4	0.706	351418	195.6941176470588	351418	0.58	425	None	279	87	1	kingdom	1.0	0.31	0.0	0.03	0.07	0.4	0.12	True	1	1	1	1	1	1	351418	351418	351418	351418	351418	351418	1	351418	351418	57.52	351418	351418	351418.0	1	1	0.0
33	bc2122_SemiBin2	SemiBin_4	bacteria_odb10	0.0	0.0	0.0	0.8	99.2	124	1964099	1964099	0.000%	1	17.46	3.2	Neural Network (Specific Model)	4	0.742	1964099	214.8527607361964	1964099	0.59	2282	None	1425	386	1	kingdom	1.0	0.27	0.0	0.05	0.11	0.42	0.11	True	1	1	1	1	1	1	1964099	1964099	1964099	1964099	1964099	1964099	1	1964099	1964099	58.86	1964099	1964099	1964099.0	1	1	0.0
34	bc2122_SemiBin2	SemiBin_6	bacteria_odb10	0.8	0.8	0.0	7.3	91.9	124	2725898	2725898	0.000%	1	4.22	7.15	Neural Network (Specific Model)	4	0.805	2725898	225.46498172959804	2725898	0.56	3284	None	3216	531	1	kingdom	1.0	0.17	0.0	0.09	0.19	0.41	0.07	True	1	1	1	1	1	1	2725898	2725898	2725898	2725898	2725898	2725898	1	2725898	2725898	55.79	2725898	2725898	2725898.0	1	1	0.0
35	bc2122_SemiBin2	SemiBin_7	bacteria_odb10	100.0	100.0	0.0	0.0	0.0	124	6329935	6329935	0.000%	1	99.95	0.04	Neural Network (Specific Model)	11	0.857	6329935	332.11035747021083	6329935	0.7	5455	None	5428	5308	1	kingdom	1.0	0.98	0.0	0.0	0.0	0.86	0.84	True	1	1	1	1	1	1	6329935	6329935	6329935	6329935	6329935	6329935	1	6329935	6329935	69.77	6329935	6329935	6329935.0	1	1	0.0
36	bc2122_SemiBin2	SemiBin_8	bacteria_odb10	0.8	0.8	0.0	0.8	98.4	124	2867189	2867189	0.000%	1	6.19	5.11	Neural Network (Specific Model)	4	0.724	2867189	220.3479633722766	2867189	0.58	3167	None	2059	621	1	kingdom	1.0	0.3	0.0	0.06	0.12	0.41	0.12	True	1	1	1	1	1	1	2867189	2867189	2867189	2867189	2867189	2867189	1	2867189	2867189	58.17	2867189	2867189	2867189.0	1	1	0.0
37	bc2122_SemiBin2	SemiBin_9	bacteria_odb10	0.0	0.0	0.0	0.0	100.0	124	385549	385549	0.000%	1	11.68	0.0	Neural Network (Specific Model)	11	0.534	385549	160.19212962962962	385549	0.56	432	None	478	58	1	kingdom	1.0	0.12	0.0	0.1	0.23	0.44	0.05	True	1	1	1	1	1	1	385549	385549	385549	385549	385549	385549	1	385549	385549	56.28	385549	385549	385549.0	1	1	0.0
38	bc2122_lorbin	bin_0	bacteria_odb10	100.0	98.4	1.6	0.0	0.0	124	8223602	8223602	0.000%	1	100.0	0.02	Neural Network (Specific Model)	11	0.887	8223602	351.58109668109665	8223602	0.73	6930	None	6932	6894	1	kingdom	1.0	0.99	0.0	0.0	0.0	0.94	0.94	True	1	1	1	1	1	1	8223602	8223602	8223602	8223602	8223602	8223602	1	8223602	8223602	72.58	8223602	8223602	8223602.0	1	1	0.0
39	bc2122_lorbin	bin_1	bacteria_odb10	100.0	100.0	0.0	0.0	0.0	124	2028920	2028920	0.000%	3	100.0	0.41	Neural Network (Specific Model)	11	0.888	2028920	308.3865764828304	3999398	0.47	3844	None	3859	3808	3	kingdom	1.0	0.99	0.0	0.0	0.0	0.98	0.97	True	3	3	3	3	3	3	3999398	3999398	3999398	3999398	3999398	3999398	3	2028920	3999398	46.52	2028920	1822005	1864846.4	1	2	0.0
40	bc2122_lorbin	bin_10	bacteria_odb10	52.4	51.6	0.8	3.2	44.4	124	222769	222769	0.000%	20	39.14	5.34	Neural Network (Specific Model)	11	0.851	222769	321.95440729483283	2978399	0.73	2632	None	2626	2525	20	order	0.96	0.93	0.03	0.06	0.12	0.77	0.71	True	20	20	20	20	17	16	2978399	2978399	2978399	2978399	2919832	2885129	20	509750	2978399	72.55	222769	90619	244343.3	5	14	0.0
41	bc2122_lorbin	bin_11	bacteria_odb10	42.7	41.1	1.6	10.5	46.8	124	40540	40540	0.000%	106	48.87	0.89	Neural Network (Specific Model)	11	0.823	40540	276.2428462902001	3961003	0.72	3949	None	3874	3629	106	kingdom	1.0	0.94	0.0	0.0	0.0	0.84	0.79	True	106	106	106	106	84	19	3961003	3961003	3961003	3961003	3538709	1217250	106	100479	3961003	72.15	40540	24226	44324.9	37	86	0.0
42	bc2122_lorbin	bin_12	bacteria_odb10	21.8	21.0	0.8	5.6	72.6	124	60715	60715	0.000%	32	31.11	0.85	Neural Network (Specific Model)	11	0.871	60715	309.4885945548197	1444571	0.73	1359	None	1374	1337	32	family	0.91	0.88	0.1	0.03	0.06	0.85	0.74	True	32	32	32	32	23	9	1444571	1444571	1444571	1444571	1265164	786141	32	194230	1444571	72.77	60715	22679	71603.9	8	25	0.0
43	bc2122_lorbin	bin_13	bacteria_odb10	22.6	22.6	0.0	8.1	69.3	124	34563	34563	0.000%	57	27.25	0.82	Neural Network (Specific Model)	11	0.809	34563	264.5022271714922	1754287	0.74	1796	None	1761	1656	57	kingdom	1.0	0.94	0.0	0.0	0.0	0.92	0.87	True	57	57	57	57	33	5	1754287	1754287	1754287	1754287	1295144	310300	57	75677	1754287	73.69	34563	20025	37000.9	19	46	0.0
44	bc2122_lorbin	bin_14	bacteria_odb10	24.2	24.2	0.0	2.4	73.4	124	430742	430742	0.000%	5	13.06	0.0	Neural Network (Specific Model)	11	0.872	430742	338.0068306010929	849699	0.73	732	None	736	723	5	kingdom	1.0	0.98	0.0	0.0	0.0	0.81	0.79	True	5	5	5	5	5	4	849699	849699	849699	849699	849699	820596	5	430742	849699	73.32	430742	57163	299083.9	1	4	0.0
45	bc2122_lorbin	bin_15	bacteria_odb10	4.0	4.0	0.0	12.9	83.1	124	272565	272565	0.000%	66	0.04	6.18	Neural Network (Specific Model)	4	0.825	272565	214.4761043108036	14453055	0.56	18790	None	16884	2832	66	kingdom	1.0	0.17	0.0	0.08	0.17	0.41	0.07	True	66	66	66	66	66	61	14453055	14453055	14453055	14453055	14453055	14261267	66	965801	14453055	55.69	272565	113660	356967.8	16	47	0.0
46	bc2122_lorbin	bin_16	bacteria_odb10	5.6	5.6	0.0	8.9	85.5	124	218776	218776	0.000%	100	0.15	5.83	Neural Network (Specific Model)	4	0.804	218776	218.4710998271392	14898145	0.55	18512	None	15900	2960	100	kingdom	1.0	0.19	0.0	0.08	0.18	0.41	0.08	True	100	100	100	100	95	75	14898145	14898145	14898145	14898145	14805013	14032583	100	684536	14898145	54.91	218776	68402	264878.1	21	65	0.0
47	bc2122_lorbin	bin_17	bacteria_odb10	4.0	4.0	0.0	9.7	86.3	124	70070	70070	0.000%	220	0.12	14.54	Neural Network (Specific Model)	4	0.704	70070	179.0745427286357	12563624	0.55	16675	None	13818	2607	216	kingdom	1.0	0.19	0.0	0.07	0.15	0.42	0.08	True	220	220	220	218	190	105	12563624	12563624	12563624	12547698	11984729	8883627	220	259566	12563624	55.4	70070	32426	79003.7	61	166	0.0
48	bc2122_lorbin	bin_18	bacteria_odb10	8.9	8.9	0.0	0.8	90.3	124	93824	93824	0.000%	6	7.29	0.0	Neural Network (Specific Model)	11	0.878	93824	322.2808641975309	355834	0.72	324	None	322	317	6	kingdom	1.0	0.98	0.0	0.0	0.0	0.79	0.78	True	6	6	6	6	4	2	355834	355834	355834	355834	315670	251029	6	157205	355834	72.21	93824	23354	102389.5	2	5	0.0
49	bc2122_lorbin	bin_19	bacteria_odb10	13.7	13.7	0.0	0.8	85.5	124	700636	700636	0.000%	2	14.92	0.0	Neural Network (Specific Model)	11	0.856	700636	322.5357142857143	1010119	0.74	896	None	899	879	2	kingdom	1.0	0.98	0.0	0.0	0.0	0.79	0.77	True	2	2	2	2	2	2	1010119	1010119	1010119	1010119	1010119	1010119	2	700636	1010119	73.53	700636	309483	580793.5	1	2	0.0
50	bc2122_lorbin	bin_2	bacteria_odb10	98.4	97.6	0.8	0.8	0.8	124	4196856	4196856	0.000%	1	100.0	0.26	Neural Network (Specific Model)	11	0.901	4196856	341.46187128177394	4196856	0.73	3698	None	3724	3658	1	kingdom	1.0	0.98	0.0	0.0	0.0	0.83	0.81	True	1	1	1	1	1	1	4196856	4196856	4196856	4196856	4196856	4196856	1	4196856	4196856	72.61	4196856	4196856	4196856.0	1	1	0.0
51	bc2122_lorbin	bin_20	bacteria_odb10	21.8	20.2	1.6	2.4	75.8	124	427570	427570	0.000%	13	24.64	5.58	Neural Network (Specific Model)	11	0.85	427570	306.2840984697272	1620875	0.73	1503	None	1502	1453	13	kingdom	1.0	0.97	0.0	0.0	0.0	0.79	0.77	True	13	13	13	13	11	8	1620875	1620875	1620875	1620875	1581414	1482785	13	501523	1620875	73.06	427570	52530	310585.3	2	8	0.0
52	bc2122_lorbin	bin_21	bacteria_odb10	29.0	25.8	3.2	4.0	67.0	124	122580	122580	0.000%	35	23.7	2.8	Neural Network (Specific Model)	11	0.862	122580	343.6792849631966	2269328	0.73	1902	None	1908	1834	35	order	0.95	0.92	0.1	0.06	0.14	0.76	0.7	True	35	35	35	35	26	14	2269328	2269328	2269328	2269328	2111437	1710585	35	303599	2269328	72.81	122580	28769	133011.0	6	24	0.0
53	bc2122_lorbin	bin_22	bacteria_odb10	4.0	2.4	1.6	5.6	90.4	124	2044568	2044568	0.000%	8	0.14	8.62	Neural Network (Specific Model)	4	0.737	2044568	221.55556702094728	8671374	0.58	9691	None	6154	1754	8	kingdom	1.0	0.29	0.0	0.08	0.18	0.42	0.12	True	8	8	8	8	7	7	8671374	8671374	8671374	8671374	8651917	8651917	8	2868768	8671374	57.98	2044568	1427203	2063222.8	2	4	0.0
54	bc2122_lorbin	bin_23	bacteria_odb10	8.1	8.1	0.0	1.6	90.3	124	97357	97357	0.000%	3	5.56	0.0	Neural Network (Specific Model)	11	0.848	97357	331.61742424242425	309066	0.73	264	None	263	261	3	kingdom	1.0	0.99	0.0	0.0	0.0	0.97	0.96	True	3	3	3	3	3	3	309066	309066	309066	309066	309066	309066	3	139015	309066	72.82	97357	72694	110293.5	2	3	0.0
55	bc2122_lorbin	bin_24	bacteria_odb10	3.2	3.2	0.0	9.7	87.1	124	39003	39003	0.000%	267	0.33	5.22	Neural Network (Specific Model)	4	0.786	39003	179.4513787085515	9662296	0.51	14325	None	9067	2041	261	kingdom	1.0	0.23	0.0	0.07	0.14	0.41	0.09	True	267	267	267	266	208	39	9662296	9662296	9662296	9652473	8415662	2467794	267	97708	9662296	51.42	39003	23488	42056.0	94	220	0.0
56	bc2122_lorbin	bin_25	bacteria_odb10	4.0	4.0	0.0	0.0	96.0	124	232809	232809	0.000%	1	4.42	0.26	Neural Network (Specific Model)	11	0.879	232809	305.2678571428572	232809	0.74	224	None	224	218	1	kingdom	1.0	0.97	0.0	0.0	0.0	0.97	0.94	True	1	1	1	1	1	1	232809	232809	232809	232809	232809	232809	1	232809	232809	73.65	232809	232809	232809.0	1	1	0.0
57	bc2122_lorbin	bin_26	bacteria_odb10	5.6	5.6	0.0	2.4	92.0	124	35448	35448	0.000%	9	6.05	0.0	Neural Network (Specific Model)	11	0.809	35448	269.6021126760563	283073	0.71	284	None	280	270	9	kingdom	1.0	0.96	0.0	0.0	0.0	0.96	0.93	True	9	9	9	9	7	0	283073	283073	283073	283073	243278	0	9	39863	283073	70.83	35448	24914	33164.2	4	8	0.0
58	bc2122_lorbin	bin_27	bacteria_odb10	1.6	1.6	0.0	4.0	94.4	124	1953694	1953694	0.000%	3	0.79	4.95	Neural Network (Specific Model)	4	0.771	1953694	229.36172967374412	3415421	0.58	3862	None	4253	531	3	kingdom	1.0	0.12	0.0	0.14	0.32	0.42	0.05	True	3	3	3	3	3	3	3415421	3415421	3415421	3415421	3415421	3415421	3	1953694	3415421	58.11	1953694	464684	1471837.9	1	3	0.0
59	bc2122_lorbin	bin_28	bacteria_odb10	0.0	0.0	0.0	4.0	96.0	124	3879333	3879333	0.000%	1	1.19	3.27	Neural Network (Specific Model)	4	0.743	3879333	218.6626043782442	3879333	0.58	4431	None	2807	772	1	kingdom	1.0	0.28	0.0	0.08	0.18	0.41	0.11	True	1	1	1	1	1	1	3879333	3879333	3879333	3879333	3879333	3879333	1	3879333	3879333	58.2	3879333	3879333	3879333.0	1	1	0.0
60	bc2122_lorbin	bin_29	bacteria_odb10	0.0	0.0	0.0	0.8	99.2	124	208693	208693	0.000%	4	10.21	0.11	Neural Network (Specific Model)	4	0.761	208693	231.4360248447205	729502	0.58	805	None	960	149	4	kingdom	1.0	0.16	0.0	0.18	0.42	0.41	0.06	True	4	4	4	4	4	4	729502	729502	729502	729502	729502	729502	4	247553	729502	58.27	208693	126245	195181.5	2	4	0.0
61	bc2122_lorbin	bin_3	bacteria_odb10	100.0	100.0	0.0	0.0	0.0	124	6254778	6254778	0.000%	1	99.94	0.11	Neural Network (Specific Model)	11	0.856	6254778	334.2028037383177	6254778	0.7	5350	None	5324	5247	1	kingdom	1.0	0.99	0.0	0.0	0.0	0.86	0.85	True	1	1	1	1	1	1	6254778	6254778	6254778	6254778	6254778	6254778	1	6254778	6254778	69.82	6254778	6254778	6254778.0	1	1	0.0
62	bc2122_lorbin	bin_30	bacteria_odb10	1.6	1.6	0.0	4.0	94.4	124	904285	904285	0.000%	2	8.54	1.22	Neural Network (Specific Model)	4	0.774	904285	223.21935096153845	1425800	0.59	1664	None	1302	256	2	kingdom	1.0	0.2	0.0	0.12	0.27	0.41	0.08	True	2	2	2	2	2	2	1425800	1425800	1425800	1425800	1425800	1425800	2	904285	1425800	58.53	904285	521515	764279.2	1	2	0.0
63	bc2122_lorbin	bin_31	bacteria_odb10	0.8	0.8	0.0	3.2	96.0	124	461255	461255	0.000%	31	0.0	13.37	Neural Network (Specific Model)	4	0.751	461255	219.2382761723828	8672469	0.59	10001	None	8206	1594	31	kingdom	1.0	0.19	0.0	0.1	0.21	0.41	0.08	True	31	31	31	31	30	29	8672469	8672469	8672469	8672469	8652518	8608861	31	1411468	8672469	58.66	461255	106791	691869.6	5	20	0.0
64	bc2122_lorbin	bin_32	bacteria_odb10	1.6	1.6	0.0	5.6	92.8	124	1538641	1538641	0.000%	11	0.71	4.16	Neural Network (Specific Model)	4	0.779	1538641	224.59635416666663	2627669	0.58	3072	None	3165	468	11	kingdom	1.0	0.15	0.0	0.09	0.21	0.42	0.06	True	11	11	11	11	11	8	2627669	2627669	2627669	2627669	2627669	2509892	11	1538641	2627669	58.39	1538641	89558	967189.2	1	6	0.0
65	bc2122_lorbin	bin_33	bacteria_odb10	1.6	1.6	0.0	5.6	92.8	124	153076	153076	0.000%	61	0.0	4.25	Neural Network (Specific Model)	4	0.762	153076	218.15410639290715	7298093	0.58	8572	None	6412	1438	61	kingdom	1.0	0.22	0.0	0.1	0.22	0.42	0.09	True	61	61	61	61	58	39	7298093	7298093	7298093	7298093	7237615	6480404	61	2102751	7298093	58.49	153076	49014	698935.3	9	41	0.0
66	bc2122_lorbin	bin_34	bacteria_odb10	1.6	1.6	0.0	0.0	98.4	124	170101	170101	0.000%	2	4.94	0.0	Neural Network (Specific Model)	11	0.867	170101	348.9124087591241	330334	0.74	274	None	277	270	2	kingdom	1.0	0.97	0.0	0.0	0.0	0.95	0.93	True	2	2	2	2	2	2	330334	330334	330334	330334	330334	330334	2	170101	330334	74.17	170101	160233	165314.4	1	2	0.0
67	bc2122_lorbin	bin_35	bacteria_odb10	1.6	1.6	0.0	2.4	96.0	124	151933	151933	0.000%	5	8.46	0.0	Neural Network (Specific Model)	11	0.836	151933	276.0612244897959	435289	0.73	441	None	438	426	5	kingdom	1.0	0.97	0.0	0.0	0.0	0.92	0.9	True	5	5	5	5	5	2	435289	435289	435289	435289	435289	344043	5	192110	435289	73.14	151933	27876	144372.0	2	4	0.0
68	bc2122_lorbin	bin_36	bacteria_odb10	2.4	1.6	0.8	0.0	97.6	124	37342	37342	0.000%	20	8.05	0.07	Neural Network (Specific Model)	11	0.84	37342	274.7304964539007	688497	0.72	705	None	684	619	20	family	0.95	0.86	0.17	0.02	0.05	0.72	0.62	True	20	20	20	18	10	3	688497	688497	688497	673364	520342	308320	20	133177	688497	72.31	37342	18610	62173.1	4	15	0.0
69	bc2122_lorbin	bin_37	bacteria_odb10	0.0	0.0	0.0	1.6	98.4	124	516358	516358	0.000%	6	3.28	5.26	Neural Network (Specific Model)	4	0.729	516358	208.2511138112596	2093209	0.56	2469	None	1860	417	6	kingdom	1.0	0.22	0.0	0.07	0.15	0.42	0.09	True	6	6	6	6	6	6	2093209	2093209	2093209	2093209	2093209	2093209	6	900610	2093209	55.85	516358	137992	583284.6	2	5	0.0
70	bc2122_lorbin	bin_38	bacteria_odb10	0.0	0.0	0.0	0.0	100.0	124	90679	90679	0.000%	34	6.1	7.25	Neural Network (Specific Model)	4	0.733	90679	216.1186507936508	2211942	0.6	2520	None	1875	404	33	kingdom	1.0	0.22	0.0	0.05	0.1	0.41	0.09	True	34	34	34	34	29	14	2211942	2211942	2211942	2211942	2114395	1586199	34	314461	2211942	59.91	90679	28820	123260.0	7	25	0.0
71	bc2122_lorbin	bin_39	bacteria_odb10	0.8	0.8	0.0	5.6	93.6	124	51797	51797	0.000%	73	0.81	1.91	Neural Network (Specific Model)	11	0.605	51797	188.60247778077027	3451192	0.57	3713	None	3164	561	73	kingdom	1.0	0.18	0.0	0.11	0.25	0.41	0.07	True	73	73	73	73	59	22	3451192	3451192	3451192	3451192	3157562	1775211	73	173370	3451192	57.37	51797	26178	64926.8	22	58	0.0
72	bc2122_lorbin	bin_4	bacteria_odb10	98.4	98.4	0.0	0.0	1.6	124	3384980	3384980	0.000%	1	100.0	0.05	Neural Network (Specific Model)	11	0.898	3384980	321.2745408486384	3384980	0.72	3158	None	3162	3125	1	kingdom	1.0	0.99	0.0	0.0	0.0	0.95	0.94	True	1	1	1	1	1	1	3384980	3384980	3384980	3384980	3384980	3384980	1	3384980	3384980	71.94	3384980	3384980	3384980.0	1	1	0.0
73	bc2122_lorbin	bin_41	bacteria_odb10	3.2	3.2	0.0	0.0	96.8	124	74723	74723	0.000%	4	8.02	0.0	Neural Network (Specific Model)	11	0.818	74723	302.062893081761	351422	0.73	318	None	318	308	4	kingdom	1.0	0.97	0.0	0.0	0.0	0.97	0.94	True	4	4	4	4	4	4	351422	351422	351422	351422	351422	351422	4	141710	351422	72.62	74723	60861	99209.1	2	4	0.0
74	bc2122_lorbin	bin_42	bacteria_odb10	0.0	0.0	0.0	0.0	100.0	124	59805	59805	0.000%	4	3.67	0.01	Neural Network (Specific Model)	11	0.57	59805	159.66412213740458	218612	0.57	262	None	243	26	4	kingdom	1.0	0.11	0.0	0.23	0.55	0.41	0.04	True	4	4	4	4	3	3	218612	218612	218612	218612	194642	194642	4	81247	218612	57.1	59805	23970	62321.2	2	4	0.0
75	bc2122_lorbin	bin_43	bacteria_odb10	0.8	0.8	0.0	1.6	97.6	124	32003	32003	0.000%	19	9.93	0.02	Neural Network (Specific Model)	11	0.61	32003	161.98519515477793	586549	0.57	743	None	605	110	19	kingdom	1.0	0.18	0.0	0.07	0.16	0.42	0.08	True	19	19	19	19	13	1	586549	586549	586549	586549	460866	50075	19	50075	586549	56.71	32003	21458	33568.0	8	16	0.0
76	bc2122_lorbin	bin_44	bacteria_odb10	1.6	1.6	0.0	0.8	97.6	124	43628	43628	0.000%	23	9.45	0.06	Neural Network (Specific Model)	4	0.779	43628	225.91431261770245	916470	0.58	1062	None	929	155	22	kingdom	1.0	0.17	0.0	0.14	0.32	0.4	0.07	True	23	23	23	23	19	5	916470	916470	916470	916470	826361	356203	23	94221	916470	57.84	43628	25723	49005.3	8	19	0.0
77	bc2122_lorbin	bin_45	bacteria_odb10	0.0	0.0	0.0	0.8	99.2	124	140376	140376	0.000%	13	12.45	4.85	Neural Network (Specific Model)	4	0.756	140376	192.68891280947253	1407547	0.57	1858	None	1264	371	13	kingdom	1.0	0.29	0.0	0.04	0.08	0.42	0.12	True	13	13	13	13	11	9	1407547	1407547	1407547	1407547	1369892	1309951	13	345832	1407547	57.44	140376	50887	187970.2	3	9	0.0
78	bc2122_lorbin	bin_46	bacteria_odb10	0.0	0.0	0.0	0.8	99.2	124	1321000	1321000	0.000%	2	19.31	3.46	Neural Network (Specific Model)	4	0.715	1321000	211.6557452699585	1906025	0.58	2167	None	1433	470	2	kingdom	1.0	0.33	0.0	0.03	0.06	0.41	0.14	True	2	2	2	2	2	2	1906025	1906025	1906025	1906025	1906025	1906025	2	1321000	1906025	57.91	1321000	585025	1095103.8	1	2	0.0
79	bc2122_lorbin	bin_5	bacteria_odb10	94.4	94.4	0.0	2.4	3.2	124	390934	390934	0.000%	15	99.97	0.0	Neural Network (Specific Model)	11	0.872	390934	307.05490369714414	4761390	0.58	4517	None	4574	4498	15	family	0.98	0.97	0.03	0.03	0.07	0.97	0.94	True	15	15	15	15	15	13	4761390	4761390	4761390	4761390	4761390	4703531	15	882758	4761390	57.76	390934	241330	543310.4	4	9	0.0
80	bc2122_lorbin	bin_50	bacteria_odb10	1.6	1.6	0.0	1.6	96.8	124	52687	52687	0.000%	131	0.31	4.62	Neural Network (Specific Model)	11	0.57	52687	159.17028721387956	5695090	0.57	6859	None	5854	790	122	kingdom	1.0	0.13	0.0	0.11	0.23	0.41	0.06	True	131	131	131	130	95	40	5695090	5695090	5695090	5685329	4997341	3003782	131	111023	5695090	56.88	52687	23244	56693.5	37	101	0.0
81	bc2122_lorbin	bin_57	bacteria_odb10	0.0	0.0	0.0	0.8	99.2	124	83620	83620	0.000%	1	3.27	0.0	Neural Network (Specific Model)	11	0.51	83620	290.40816326530614	83620	0.6	49	None	49	15	1	kingdom	1.0	0.31	0.0	0.07	0.14	0.4	0.12	True	1	1	1	1	1	1	83620	83620	83620	83620	83620	83620	1	83620	83620	59.62	83620	83620	83620.0	1	1	0.0
82	bc2122_lorbin	bin_58	bacteria_odb10	0.0	0.0	0.0	0.0	100.0	124	191855	191855	0.000%	1	3.83	0.01	Neural Network (Specific Model)	11	0.636	191855	160.5390625	191855	0.54	256	None	228	34	1	kingdom	1.0	0.15	0.0	0.06	0.12	0.41	0.06	True	1	1	1	1	1	1	191855	191855	191855	191855	191855	191855	1	191855	191855	53.98	191855	191855	191855.0	1	1	0.0
83	bc2122_lorbin	bin_59	bacteria_odb10	3.2	1.6	1.6	5.6	91.2	124	118215	118215	0.000%	336	0.0	15.65	Neural Network (Specific Model)	4	0.73	118215	206.32804809450147	23899494	0.58	28444	None	21564	6772	329	kingdom	1.0	0.31	0.0	0.04	0.08	0.49	0.15	True	336	336	336	333	245	128	23899494	23899494	23899494	23875038	22213552	18098249	336	1026741	23899494	58.49	118215	28604	243458.9	45	220	0.0
84	bc2122_lorbin	bin_6	bacteria_odb10	100.0	89.5	10.5	0.0	0.0	124	1705457	1705457	0.000%	6	100.0	24.31	Neural Network (Specific Model)	11	0.869	1705457	335.5420838971583	8546418	0.73	7390	None	7436	7353	6	kingdom	1.0	0.99	0.0	0.0	0.0	0.96	0.95	True	6	6	6	6	6	6	8546418	8546418	8546418	8546418	8546418	8546418	6	3791170	8546418	73.43	1705457	1001444	2396289.5	2	4	0.0
85	bc2122_lorbin	bin_7	bacteria_odb10	91.9	91.9	0.0	4.8	3.3	124	256039	256039	0.000%	21	84.51	1.08	Neural Network (Specific Model)	11	0.867	256039	301.0978260869565	2771828	0.69	2668	None	2652	2554	21	genus	0.87	0.83	0.43	0.03	0.05	0.95	0.79	True	21	21	21	21	17	13	2771828	2771828	2771828	2771828	2716347	2569446	21	383875	2771828	69.06	256039	68948	245003.6	5	12	0.0
86	bc2122_lorbin	bin_8	bacteria_odb10	58.9	51.6	7.3	4.8	36.3	124	397926	397926	0.000%	45	62.36	10.02	Neural Network (Specific Model)	11	0.872	397926	295.1235985050721	3793669	0.71	3746	None	3756	3583	45	order	0.93	0.89	0.03	0.06	0.13	0.76	0.67	True	45	45	45	45	30	12	3793669	3793669	3793669	3793669	3511983	2899061	45	864569	3793669	70.81	397926	26050	452669.1	3	27	0.0
87	bc2122_lorbin	bin_9	bacteria_odb10	62.1	55.6	6.5	4.8	33.1	124	269189	269189	0.000%	24	59.2	7.2	Gradient Boost (General Model)	11	0.877	269189	297.1630727762804	2257677	0.71	2226	None	2231	2106	24	genus	0.91	0.86	0.19	0.03	0.06	0.78	0.67	True	24	24	24	24	12	10	2257677	2257677	2257677	2257677	2057073	1969314	24	806912	2257677	70.63	269189	39579	389076.2	3	12	0.0
88	bc2123_SemiBin2	SemiBin_0	bacteria_odb10	100.0	92.7	7.3	0.0	0.0	124	6985963	6985963	0.000%	10	100.0	5.81	Neural Network (Specific Model)	11	0.871	6985963	336.86246727244725	7522014	0.73	6493	None	6530	6462	10	kingdom	1.0	0.99	0.0	0.0	0.0	0.96	0.95	True	10	10	10	10	10	9	7522014	7522014	7522014	7522014	7522014	7475745	10	6985963	7522014	73.37	6985963	6985963	6492489.4	1	1	0.0
89	bc2123_SemiBin2	SemiBin_1	bacteria_odb10	9.7	9.7	0.0	0.8	89.5	124	52384	52384	0.000%	4	5.53	0.04	Neural Network (Specific Model)	11	0.904	52384	277.036036036036	203196	0.6	222	None	219	213	4	family	0.89	0.87	0.37	0.11	0.24	0.76	0.66	True	4	4	4	4	4	2	203196	203196	203196	203196	203196	117398	4	65014	203196	59.53	52384	40304	52486.4	2	4	0.0
90	bc2123_SemiBin2	SemiBin_10	bacteria_odb10	78.2	63.7	14.5	1.6	20.2	124	2890768	2890768	0.000%	13	45.46	4.74	Neural Network (Specific Model)	11	0.866	2890768	322.2244117647059	3788100	0.73	3400	None	3410	3355	13	kingdom	1.0	0.98	0.0	0.0	0.0	0.93	0.91	True	13	13	13	13	13	6	3788100	3788100	3788100	3788100	3788100	3552011	13	2890768	3788100	73.44	2890768	85220	2235304.5	1	5	0.0
91	bc2123_SemiBin2	SemiBin_11	bacteria_odb10	10.5	9.7	0.8	5.6	83.9	124	101330	101330	0.000%	23	19.71	1.44	Neural Network (Specific Model)	11	0.838	101330	299.53011204481794	1525710	0.73	1428	None	1425	1357	23	order	0.95	0.91	0.19	0.03	0.06	0.76	0.69	True	23	23	23	23	20	12	1525710	1525710	1525710	1525710	1469147	1161149	23	188655	1525710	73.21	101330	34193	94123.4	6	18	0.0
92	bc2123_SemiBin2	SemiBin_12	bacteria_odb10	43.5	42.7	0.8	3.2	53.3	124	114659	114659	0.000%	28	60.02	2.46	Gradient Boost (General Model)	11	0.89	114659	281.55895008605853	2194493	0.59	2324	None	2292	2192	28	genus	0.69	0.66	0.26	0.14	0.34	0.75	0.5	True	28	28	28	28	25	18	2194493	2194493	2194493	2194493	2143458	1874585	28	180093	2194493	59.35	114659	40750	105908.9	8	21	0.0
93	bc2123_SemiBin2	SemiBin_13	bacteria_odb10	14.5	14.5	0.0	2.4	83.1	124	834346	834346	0.000%	1	15.01	0.0	Neural Network (Specific Model)	11	0.851	834346	292.7283950617284	834346	0.72	810	None	811	799	1	kingdom	1.0	0.99	0.0	0.0	0.0	0.97	0.95	True	1	1	1	1	1	1	834346	834346	834346	834346	834346	834346	1	834346	834346	71.86	834346	834346	834346.0	1	1	0.0
94	bc2123_SemiBin2	SemiBin_14	bacteria_odb10	38.7	23.4	15.3	0.8	60.5	124	497578	497578	0.000%	14	25.03	3.27	Neural Network (Specific Model)	11	0.849	497578	276.70240187463384	1664429	0.71	1707	None	1708	1639	14	kingdom	1.0	0.96	0.0	0.0	0.0	0.95	0.91	True	14	14	14	14	13	9	1664429	1664429	1664429	1664429	1640059	1479505	14	540712	1664429	71.12	497578	46025	346226.4	2	10	0.0
95	bc2123_SemiBin2	SemiBin_15	bacteria_odb10	41.1	41.1	0.0	3.2	55.7	124	728951	728951	0.000%	10	24.07	0.01	Neural Network (Specific Model)	11	0.847	728951	293.56656346749224	1341832	0.72	1292	None	1303	1287	10	kingdom	1.0	0.99	0.0	0.0	0.0	0.96	0.95	True	10	10	10	10	9	7	1341832	1341832	1341832	1341832	1326720	1258499	10	728951	1341832	72.11	728951	63287	437350.1	1	7	0.0
96	bc2123_SemiBin2	SemiBin_16	bacteria_odb10	97.6	96.8	0.8	1.6	0.8	124	4240631	4240631	0.000%	1	100.0	0.27	Neural Network (Specific Model)	11	0.9	4240631	338.7967047568429	4240631	0.73	3763	None	3790	3693	1	kingdom	1.0	0.97	0.0	0.0	0.0	0.82	0.8	True	1	1	1	1	1	1	4240631	4240631	4240631	4240631	4240631	4240631	1	4240631	4240631	72.53	4240631	4240631	4240631.0	1	1	0.0
97	bc2123_SemiBin2	SemiBin_17	bacteria_odb10	11.3	11.3	0.0	3.2	85.5	124	70826	70826	0.000%	23	21.07	0.02	Neural Network (Specific Model)	11	0.858	70826	283.8292058070025	1156165	0.71	1171	None	1134	1058	23	order	0.9	0.84	0.19	0.07	0.15	0.78	0.65	True	23	23	23	23	20	8	1156165	1156165	1156165	1156165	1100582	700038	23	128966	1156165	70.56	70826	29042	68680.7	7	18	0.0
98	bc2123_SemiBin2	SemiBin_18	bacteria_odb10	33.1	33.1	0.0	1.6	65.3	124	1700732	1700732	0.000%	2	38.07	0.02	Neural Network (Specific Model)	11	0.847	1700732	332.06397306397304	2442961	0.74	2079	None	2104	2072	2	kingdom	1.0	0.98	0.0	0.0	0.0	0.94	0.93	True	2	2	2	2	2	2	2442961	2442961	2442961	2442961	2442961	2442961	2	1700732	2442961	73.67	1700732	742229	1409516.2	1	2	0.0
99	bc2123_SemiBin2	SemiBin_20	bacteria_odb10	8.9	8.9	0.0	0.8	90.3	124	41122	41122	0.000%	10	7.72	0.0	Neural Network (Specific Model)	11	0.867	41122	276.16129032258067	383220	0.71	403	None	389	376	10	order	0.95	0.92	0.19	0.06	0.14	0.79	0.72	True	10	10	10	10	8	3	383220	383220	383220	383220	349287	188703	10	71473	383220	71.24	41122	25471	46789.1	4	8	0.0
100	bc2123_SemiBin2	SemiBin_21	bacteria_odb10	28.2	28.2	0.0	8.9	62.9	124	61315	61315	0.000%	17	16.42	0.0	Neural Network (Specific Model)	11	0.863	61315	272.1752903907075	892509	0.7	947	None	945	915	17	order	0.94	0.91	0.29	0.05	0.1	0.87	0.8	True	17	17	17	17	16	7	892509	892509	892509	892509	870153	529531	17	116538	892509	69.94	61315	33537	63151.7	6	14	0.0
101	bc2123_SemiBin2	SemiBin_22	bacteria_odb10	4.0	4.0	0.0	1.6	94.4	124	150145	150145	0.000%	4	11.69	0.06	Neural Network (Specific Model)	11	0.886	150145	278.03225806451616	434946	0.6	465	None	459	453	4	family	0.86	0.85	0.05	0.15	0.39	0.74	0.63	True	4	4	4	4	4	3	434946	434946	434946	434946	434946	405720	4	195785	434946	59.73	150145	59790	150143.4	2	3	0.0
102	bc2123_SemiBin2	SemiBin_23	bacteria_odb10	16.1	16.1	0.0	3.2	80.7	124	56420	56420	0.000%	17	12.07	0.0	Neural Network (Specific Model)	11	0.84	56420	280.56354300385107	777688	0.72	779	None	768	746	17	kingdom	1.0	0.97	0.0	0.0	0.0	0.92	0.89	True	17	17	17	17	16	6	777688	777688	777688	777688	752888	391701	17	79179	777688	72.1	56420	28231	51701.5	6	15	0.0
103	bc2123_SemiBin2	SemiBin_24	bacteria_odb10	0.0	0.0	0.0	0.8	99.2	124	39756	39756	0.000%	12	4.29	0.0	Neural Network (Specific Model)	4	0.754	39756	202.52985074626864	427108	0.59	536	None	554	83	12	kingdom	1.0	0.15	0.0	0.13	0.3	0.44	0.07	True	12	12	12	12	9	2	427108	427108	427108	427108	365246	112439	12	60314	427108	58.52	39756	22030	39860.2	5	10	0.0
104	bc2123_SemiBin2	SemiBin_25	bacteria_odb10	2.4	2.4	0.0	1.6	96.0	124	39954	39954	0.000%	9	6.73	0.0	Neural Network (Specific Model)	11	0.842	39954	266.62464183381087	330246	0.74	349	None	342	332	9	kingdom	1.0	0.97	0.0	0.0	0.0	0.91	0.88	True	9	9	9	9	7	1	330246	330246	330246	330246	287215	51177	9	51177	330246	73.93	39954	23093	40136.7	4	8	0.0
105	bc2123_SemiBin2	SemiBin_26	bacteria_odb10	17.7	17.7	0.0	1.6	80.7	124	526679	526679	0.000%	3	14.9	0.01	Neural Network (Specific Model)	11	0.832	526679	300.024678111588	1005670	0.74	932	None	938	920	3	kingdom	1.0	0.98	0.0	0.0	0.0	0.95	0.93	True	3	3	3	3	3	3	1005670	1005670	1005670	1005670	1005670	1005670	3	526679	1005670	74.38	526679	392972	436740.7	1	2	0.0
106	bc2123_SemiBin2	SemiBin_28	bacteria_odb10	12.9	12.9	0.0	0.8	86.3	124	81096	81096	0.000%	22	25.06	0.0	Neural Network (Specific Model)	11	0.844	81096	296.2815468113976	1546922	0.73	1474	None	1446	1376	22	kingdom	1.0	0.95	0.0	0.0	0.0	0.76	0.72	True	22	22	22	22	19	14	1546922	1546922	1546922	1546922	1496664	1299069	22	182710	1546922	73.05	81096	46072	96200.5	7	16	0.0
107	bc2123_SemiBin2	SemiBin_32	bacteria_odb10	19.3	17.7	1.6	6.5	74.2	124	88650	88650	0.000%	34	35.09	2.97	Neural Network (Specific Model)	11	0.83	88650	273.8429184549356	2299027	0.72	2330	None	2324	2251	34	kingdom	1.0	0.97	0.0	0.0	0.0	0.94	0.92	True	34	34	34	34	31	16	2299027	2299027	2299027	2299027	2232488	1691398	34	456333	2299027	71.72	88650	32841	149225.2	8	26	0.0
108	bc2123_SemiBin2	SemiBin_33	bacteria_odb10	1.6	1.6	0.0	0.0	98.4	124	42826	42826	0.000%	10	5.2	0.0	Neural Network (Specific Model)	11	0.856	42826	266.65714285714284	455113	0.52	490	None	474	458	10	kingdom	1.0	0.97	0.0	0.0	0.0	0.94	0.9	True	10	10	10	10	10	2	455113	455113	455113	455113	455113	121151	10	67567	455113	52.33	42826	38882	47170.0	5	9	0.0
109	bc2123_SemiBin2	SemiBin_36	bacteria_odb10	0.8	0.8	0.0	0.0	99.2	124	34569	34569	0.000%	8	4.65	0.0	Neural Network (Specific Model)	11	0.809	34569	288.0406504065041	261907	0.73	246	None	236	226	8	kingdom	1.0	0.96	0.0	0.0	0.0	0.93	0.89	True	8	8	8	8	7	0	261907	261907	261907	261907	241276	0	8	40283	261907	73.28	34569	28826	33729.2	4	7	0.0
110	bc2123_SemiBin2	SemiBin_37	bacteria_odb10	4.0	4.0	0.0	0.0	96.0	124	84605	84605	0.000%	9	9.65	0.01	Neural Network (Specific Model)	11	0.824	84605	266.07153729071536	634027	0.73	657	None	646	618	9	kingdom	1.0	0.96	0.0	0.0	0.0	0.79	0.76	True	9	9	9	9	8	7	634027	634027	634027	634027	620321	589145	9	109381	634027	72.72	84605	58754	82584.6	4	7	0.0
111	bc2123_SemiBin2	SemiBin_41	bacteria_odb10	6.5	6.5	0.0	1.6	91.9	124	44805	44805	0.000%	16	8.34	0.03	Neural Network (Specific Model)	11	0.844	44805	265.5247093023256	646003	0.74	688	None	666	641	16	kingdom	1.0	0.96	0.0	0.0	0.0	0.89	0.85	True	16	16	16	16	14	5	646003	646003	646003	646003	604029	306812	16	71245	646003	74.15	44805	25836	46731.7	6	14	0.0
112	bc2123_SemiBin2	SemiBin_5	bacteria_odb10	0.0	0.0	0.0	0.8	99.2	124	752618	752618	0.000%	1	10.85	0.04	Neural Network (Specific Model)	11	0.883	752618	302.3119891008174	752618	0.57	734	None	740	710	1	kingdom	1.0	0.96	0.0	0.0	0.0	0.94	0.9	True	1	1	1	1	1	1	752618	752618	752618	752618	752618	752618	1	752618	752618	57.18	752618	752618	752618.0	1	1	0.0
113	bc2123_SemiBin2	SemiBin_6	bacteria_odb10	0.8	0.8	0.0	2.4	96.8	124	41404	41404	0.000%	53	15.81	4.58	Neural Network (Specific Model)	4	0.742	41404	201.416773094934	1890741	0.59	2349	None	2071	356	51	kingdom	1.0	0.17	0.0	0.11	0.24	0.42	0.07	True	53	53	53	53	40	6	1890741	1890741	1890741	1890741	1625699	356709	53	67521	1890741	58.56	41404	23950	40206.5	19	44	0.0
114	bc2123_SemiBin2	SemiBin_7	bacteria_odb10	100.0	61.3	38.7	0.0	0.0	124	6953712	6953712	0.000%	10	100.0	44.5	Neural Network (Specific Model)	11	0.871	6953712	337.9692704416031	10817530	0.73	9307	None	9344	9279	10	kingdom	1.0	0.99	0.0	0.0	0.0	0.96	0.95	True	10	10	10	10	8	4	10817530	10817530	10817530	10817530	10775546	10622692	10	6953712	10817530	73.42	6953712	2833030	5269470.8	1	2	0.0
115	bc2123_SemiBin2	SemiBin_9	bacteria_odb10	38.7	38.7	0.0	4.8	56.5	124	156480	156480	0.000%	22	28.7	0.43	Neural Network (Specific Model)	11	0.834	156480	296.7617946345976	2301265	0.74	2162	None	2169	1985	22	genus	0.95	0.87	0.27	0.02	0.05	0.93	0.8	True	22	22	22	22	18	14	2301265	2301265	2301265	2301265	2209970	2041661	22	421866	2301265	73.96	156480	47515	209007.0	5	15	0.0
116	bc2123_lorbin	bin_0	bacteria_odb10	98.4	98.4	0.0	0.8	0.8	124	4029856	4029856	0.000%	1	99.96	0.0	Neural Network (Specific Model)	11	0.876	4029856	324.66023697988425	4029856	0.58	3629	None	3679	3634	1	kingdom	1.0	0.99	0.0	0.0	0.0	0.97	0.96	True	1	1	1	1	1	1	4029856	4029856	4029856	4029856	4029856	4029856	1	4029856	4029856	57.87	4029856	4029856	4029856.0	1	1	0.0
117	bc2123_lorbin	bin_1	bacteria_odb10	100.0	98.4	1.6	0.0	0.0	124	8224033	8224033	0.000%	1	100.0	0.02	Neural Network (Specific Model)	11	0.887	8224033	351.6672441172225	8224033	0.73	6927	None	6933	6895	1	kingdom	1.0	0.99	0.0	0.0	0.0	0.94	0.94	True	1	1	1	1	1	1	8224033	8224033	8224033	8224033	8224033	8224033	1	8224033	8224033	72.58	8224033	8224033	8224033.0	1	1	0.0
118	bc2123_lorbin	bin_2	bacteria_odb10	97.6	96.8	0.8	1.6	0.8	124	4240631	4240631	0.000%	1	100.0	0.27	Neural Network (Specific Model)	11	0.9	4240631	338.7967047568429	4240631	0.73	3763	None	3790	3693	1	kingdom	1.0	0.97	0.0	0.0	0.0	0.82	0.8	True	1	1	1	1	1	1	4240631	4240631	4240631	4240631	4240631	4240631	1	4240631	4240631	72.53	4240631	4240631	4240631.0	1	1	0.0
119	bc2123_lorbin	bin_3	bacteria_odb10	98.4	85.5	12.9	1.6	0.0	124	3909435	3909435	0.000%	13	100.0	19.66	Neural Network (Specific Model)	11	0.857	3909435	303.74484304932736	7103695	0.71	6690	None	6736	6634	13	kingdom	1.0	0.98	0.0	0.0	0.0	0.97	0.95	True	13	13	13	13	13	12	7103695	7103695	7103695	7103695	7103695	7071488	13	3909435	7103695	71.45	3909435	154815	2785799.5	1	5	0.0
120	bc2123_lorbin	bin_4	bacteria_odb10	54.8	54.0	0.8	5.6	39.6	124	54681	54681	0.000%	93	51.84	7.45	Neural Network (Specific Model)	11	0.822	54681	265.3734140152255	4947319	0.71	5123	None	5079	4874	93	kingdom	1.0	0.96	0.0	0.0	0.0	0.92	0.89	True	93	93	93	92	77	31	4947319	4947319	4947319	4938357	4623553	2961773	93	497491	4947319	71.09	54681	28098	113591.6	22	71	0.0
121	bc2123_lorbin	bin_5	bacteria_odb10	56.4	55.6	0.8	4.0	39.6	124	140422	140422	0.000%	24	28.72	1.29	Neural Network (Specific Model)	11	0.822	140422	298.55627813906955	2173645	0.73	1999	None	1994	1922	24	kingdom	1.0	0.96	0.0	0.0	0.0	0.93	0.9	True	24	24	24	24	18	12	2173645	2173645	2173645	2173645	2060288	1825198	24	579261	2173645	73.16	140422	44117	236040.3	4	15	0.0
122	bc2123_lorbin	bin_6	bacteria_odb10	100.0	0.0	100.0	0.0	0.0	124	6953713	6953713	0.000%	3	99.84	97.95	Neural Network (Specific Model)	11	0.874	6953713	341.2600284270373	14816416	0.73	12664	None	12724	12624	3	kingdom	1.0	0.99	0.0	0.0	0.0	0.96	0.96	True	3	3	3	3	3	3	14816416	14816416	14816416	14816416	14816416	14816416	3	6975812	14816416	73.45	6953713	6953713	6600965.7	2	2	0.0
123	bc2123_lorbin	bin_7	bacteria_odb10	84.7	83.1	1.6	1.6	13.7	124	369697	369697	0.000%	23	71.93	1.01	Neural Network (Specific Model)	11	0.858	369697	323.0500852514919	5288411	0.73	4692	None	4706	4647	23	kingdom	1.0	0.99	0.0	0.0	0.0	0.96	0.95	True	23	23	23	23	22	17	5288411	5288411	5288411	5288411	5264069	5084934	23	1532035	5288411	73.34	369697	104964	651630.2	4	13	0.0
124	bc2123_lorbin	bin_8	bacteria_odb10	33.9	33.9	0.0	4.8	61.3	124	200894	200894	0.000%	37	53.0	1.82	Neural Network (Specific Model)	11	0.828	200894	302.1967351533915	3879737	0.74	3553	None	3569	3420	37	kingdom	1.0	0.96	0.0	0.0	0.0	0.93	0.89	True	37	37	37	37	27	21	3879737	3879737	3879737	3879737	3699608	3486932	37	391470	3879737	74.15	200894	42765	212045.9	7	22	0.0
125	bc2123_lorbin	bin_9	bacteria_odb10	25.0	25.0	0.0	6.5	68.5	124	45240	45240	0.000%	78	39.87	0.65	Neural Network (Specific Model)	11	0.829	45240	270.9144609425436	3022861	0.73	3098	None	3034	2891	78	order	0.96	0.91	0.19	0.02	0.04	0.78	0.71	True	78	78	78	78	51	20	3022861	3022861	3022861	3022861	2472008	1348362	78	135370	3022861	73.14	45240	22773	50648.6	24	62	0.0
126	bc2124_SemiBin2	SemiBin_0	bacteria_odb10	1.6	1.6	0.0	7.3	91.1	124	3792915	3792915	0.000%	3	0.0	21.5	Neural Network (Specific Model)	4	0.748	3792915	220.39066454213145	9348972	0.58	10669	None	8777	1883	3	kingdom	1.0	0.21	0.0	0.09	0.19	0.42	0.09	True	3	3	3	3	3	3	9348972	9348972	9348972	9348972	9348972	9348972	3	3977345	9348972	58.08	3792915	1578712	3497476.4	2	3	0.0
127	bc2124_SemiBin2	SemiBin_1	bacteria_odb10	0.0	0.0	0.0	0.0	100.0	124	1775220	1775220	0.000%	1	47.29	6.7	Gradient Boost (General Model)	4	0.737	1775220	157.69733570159858	1775220	0.54	2815	None	2312	160	1	kingdom	1.0	0.07	0.0	0.04	0.08	0.38	0.03	True	1	1	1	1	1	1	1775220	1775220	1775220	1775220	1775220	1775220	1	1775220	1775220	54.44	1775220	1775220	1775220.0	1	1	0.0
128	bc2124_SemiBin2	SemiBin_12	bacteria_odb10	0.0	0.0	0.0	0.0	100.0	124	262665	262665	0.000%	1	3.95	0.01	Neural Network (Specific Model)	11	0.648	262665	168.66666666666666	262665	0.57	339	None	227	85	1	kingdom	1.0	0.37	0.0	0.08	0.18	0.42	0.16	True	1	1	1	1	1	1	262665	262665	262665	262665	262665	262665	1	262665	262665	56.98	262665	262665	262665.0	1	1	0.0
129	bc2124_SemiBin2	SemiBin_2	bacteria_odb10	0.0	0.0	0.0	0.8	99.2	124	276606	276606	0.000%	1	2.46	0.0	Neural Network (Specific Model)	11	0.641	276606	168.5	276606	0.56	354	None	343	80	1	kingdom	1.0	0.23	0.0	0.0	0.0	0.4	0.09	True	1	1	1	1	1	1	276606	276606	276606	276606	276606	276606	1	276606	276606	56.43	276606	276606	276606.0	1	1	0.0
130	bc2124_SemiBin2	SemiBin_3	bacteria_odb10	0.0	0.0	0.0	4.8	95.2	124	1974950	1974950	0.000%	1	2.85	4.85	Neural Network (Specific Model)	4	0.769	1974950	207.1690938511327	1974950	0.56	2472	None	2441	340	1	kingdom	1.0	0.14	0.0	0.1	0.23	0.4	0.06	True	1	1	1	1	1	1	1974950	1974950	1974950	1974950	1974950	1974950	1	1974950	1974950	56.15	1974950	1974950	1974950.0	1	1	0.0
131	bc2124_SemiBin2	SemiBin_5	bacteria_odb10	0.0	0.0	0.0	0.8	99.2	124	476851	476851	0.000%	1	6.6	0.0	Neural Network (Specific Model)	11	0.606	476851	151.64596273291926	476851	0.55	644	None	328	96	1	kingdom	1.0	0.29	0.0	0.06	0.13	0.42	0.12	True	1	1	1	1	1	1	476851	476851	476851	476851	476851	476851	1	476851	476851	55.0	476851	476851	476851.0	1	1	0.0
132	bc2124_SemiBin2	SemiBin_8	bacteria_odb10	3.2	3.2	0.0	2.4	94.4	124	2308558	2308558	0.000%	1	1.78	2.1	Neural Network (Specific Model)	4	0.737	2308558	226.8989298454221	2308558	0.58	2523	None	1630	467	1	kingdom	1.0	0.29	0.0	0.1	0.22	0.42	0.12	True	1	1	1	1	1	1	2308558	2308558	2308558	2308558	2308558	2308558	1	2308558	2308558	57.88	2308558	2308558	2308558.0	1	1	0.0
133	bc2124_lorbin	bin_0	bacteria_odb10	100.0	97.6	2.4	0.0	0.0	124	8294254	8294254	0.000%	1	100.0	1.97	Neural Network (Specific Model)	11	0.891	8294254	369.4402694610778	8294254	0.58	6680	None	6872	6589	1	kingdom	1.0	0.96	0.0	0.0	0.0	0.75	0.72	True	1	1	1	1	1	1	8294254	8294254	8294254	8294254	8294254	8294254	1	8294254	8294254	58.09	8294254	8294254	8294254.0	1	1	0.0
134	bc2124_lorbin	bin_1	bacteria_odb10	97.6	96.8	0.8	0.8	1.6	124	1390012	1390012	0.000%	5	82.8	0.04	Neural Network (Specific Model)	11	0.862	1390012	322.728777488768	4740819	0.71	4229	None	4225	4136	5	kingdom	1.0	0.98	0.0	0.0	0.0	0.89	0.87	True	5	5	5	5	5	5	4740819	4740819	4740819	4740819	4740819	4740819	5	1736461	4740819	71.12	1390012	584403	1242002.4	2	4	0.0
135	bc2124_lorbin	bin_10	bacteria_odb10	1.6	1.6	0.0	6.5	91.9	124	113527	113527	0.000%	70	0.0	10.86	Neural Network (Specific Model)	4	0.752	113527	230.9156546331725	5491570	0.59	6011	None	4903	1013	70	kingdom	1.0	0.21	0.0	0.13	0.3	0.42	0.09	True	70	70	70	70	57	32	5491570	5491570	5491570	5491570	5223509	4273756	70	446622	5491570	59.06	113527	35519	167782.6	13	48	0.0
136	bc2124_lorbin	bin_11	bacteria_odb10	2.4	2.4	0.0	2.4	95.2	124	1006945	1006945	0.000%	13	2.13	10.19	Neural Network (Specific Model)	4	0.714	1006945	187.91470504145624	8181493	0.56	10493	None	7928	1654	13	kingdom	1.0	0.21	0.0	0.05	0.09	0.41	0.09	True	13	13	13	13	13	13	8181493	8181493	8181493	8181493	8181493	8181493	13	2315308	8181493	55.89	1006945	267969	1339772.7	3	8	0.0
137	bc2124_lorbin	bin_12	bacteria_odb10	1.6	1.6	0.0	0.8	97.6	124	126287	126287	0.000%	20	9.25	6.11	Neural Network (Specific Model)	4	0.758	126287	186.240545294635	1656328	0.55	2274	None	2094	421	20	kingdom	1.0	0.2	0.0	0.05	0.1	0.42	0.08	True	20	20	20	20	19	13	1656328	1656328	1656328	1656328	1637620	1432848	20	247928	1656328	55.41	126287	37773	128121.5	5	15	0.0
138	bc2124_lorbin	bin_13	bacteria_odb10	0.8	0.8	0.0	4.0	95.2	124	105146	105146	0.000%	37	0.68	8.33	Neural Network (Specific Model)	4	0.723	105146	212.60346020761244	2525711	0.6	2890	None	2018	524	36	kingdom	1.0	0.26	0.0	0.08	0.18	0.42	0.11	True	37	37	37	37	33	16	2525711	2525711	2525711	2525711	2450023	1894769	37	310886	2525711	60.03	105146	30844	123795.0	8	27	0.0
139	bc2124_lorbin	bin_14	bacteria_odb10	0.8	0.8	0.0	1.6	97.6	124	80965	80965	0.000%	5	8.38	0.04	Neural Network (Specific Model)	4	0.72	80965	198.44	409335	0.56	500	None	476	92	5	kingdom	1.0	0.19	0.0	0.11	0.24	0.42	0.08	True	5	5	5	5	5	5	409335	409335	409335	409335	409335	409335	5	138580	409335	56.3	80965	55450	93000.1	2	5	0.0
140	bc2124_lorbin	bin_15	bacteria_odb10	5.6	5.6	0.0	11.3	83.1	124	111335	111335	0.000%	163	0.2	6.09	Neural Network (Specific Model)	4	0.76	111335	206.8476693897165	13451805	0.57	16648	None	15153	2307	160	kingdom	1.0	0.15	0.0	0.11	0.25	0.41	0.06	True	163	163	163	163	148	108	13451805	13451805	13451805	13451805	13166713	11679761	163	271606	13451805	57.0	111335	41916	118373.5	43	118	0.0
141	bc2124_lorbin	bin_16	bacteria_odb10	0.8	0.8	0.0	0.0	99.2	124	133486	133486	0.000%	3	6.07	0.01	Neural Network (Specific Model)	11	0.614	133486	168.98606271777004	235691	0.59	287	None	168	62	3	kingdom	0.98	0.36	0.0	0.0	0.0	0.39	0.14	True	3	3	3	3	3	2	235691	235691	235691	235691	235691	198931	3	133486	235691	59.05	133486	36760	99506.8	1	3	0.0
142	bc2124_lorbin	bin_2	bacteria_odb10	90.3	88.7	1.6	2.4	7.3	124	187949	187949	0.000%	60	87.33	0.15	Neural Network (Specific Model)	11	0.864	187949	320.26297221813905	7543396	0.73	6803	None	6776	6677	60	kingdom	1.0	0.99	0.0	0.0	0.0	0.94	0.93	True	60	60	60	60	54	43	7543396	7543396	7543396	7543396	7417123	7006219	60	424035	7543396	72.63	187949	58615	210066.1	13	39	0.0
143	bc2124_lorbin	bin_22	bacteria_odb10	0.0	0.0	0.0	0.0	100.0	124	131252	131252	0.000%	1	4.93	0.0	Neural Network (Specific Model)	4	0.735	131252	214.7483443708609	131252	0.58	151	None	178	32	1	kingdom	1.0	0.18	0.0	0.22	0.52	0.39	0.07	True	1	1	1	1	1	1	131252	131252	131252	131252	131252	131252	1	131252	131252	58.41	131252	131252	131252.0	1	1	0.0
144	bc2124_lorbin	bin_23	bacteria_odb10	0.0	0.0	0.0	0.0	100.0	124	159327	159327	0.000%	1	2.54	0.0	Neural Network (Specific Model)	4	0.734	159327	195.91542288557213	159327	0.58	201	None	202	19	1	kingdom	1.0	0.09	0.0	0.0	0.0	0.4	0.04	True	1	1	1	1	1	1	159327	159327	159327	159327	159327	159327	1	159327	159327	58.36	159327	159327	159327.0	1	1	0.0
145	bc2124_lorbin	bin_24	bacteria_odb10	0.0	0.0	0.0	0.0	100.0	124	176837	176837	0.000%	1	4.66	0.0	Neural Network (Specific Model)	4	0.729	176837	199.8248847926268	176837	0.59	217	None	121	23	1	kingdom	1.0	0.19	0.0	0.0	0.0	0.44	0.08	True	1	1	1	1	1	1	176837	176837	176837	176837	176837	176837	1	176837	176837	58.56	176837	176837	176837.0	1	1	0.0
146	bc2124_lorbin	bin_25	bacteria_odb10	0.0	0.0	0.0	0.8	99.2	124	181924	181924	0.000%	1	5.24	0.0	Neural Network (Specific Model)	11	0.556	181924	155.1095890410959	181924	0.58	219	None	255	26	1	kingdom	1.0	0.1	0.0	0.12	0.26	0.42	0.04	True	1	1	1	1	1	1	181924	181924	181924	181924	181924	181924	1	181924	181924	57.67	181924	181924	181924.0	1	1	0.0
147	bc2124_lorbin	bin_26	bacteria_odb10	0.8	0.8	0.0	0.0	99.2	124	194121	194121	0.000%	1	3.49	0.0	Neural Network (Specific Model)	11	0.577	194121	148.503937007874	194121	0.55	254	None	237	50	1	kingdom	0.98	0.21	0.0	0.0	0.0	0.42	0.09	True	1	1	1	1	1	1	194121	194121	194121	194121	194121	194121	1	194121	194121	55.15	194121	194121	194121.0	1	1	0.0
148	bc2124_lorbin	bin_27	bacteria_odb10	0.0	0.0	0.0	0.0	100.0	124	293993	293993	0.000%	1	8.79	0.0	Neural Network (Specific Model)	11	0.587	293993	153.85978835978835	293993	0.56	378	None	404	71	1	kingdom	1.0	0.18	0.0	0.0	0.0	0.42	0.07	True	1	1	1	1	1	1	293993	293993	293993	293993	293993	293993	1	293993	293993	55.86	293993	293993	293993.0	1	1	0.0
149	bc2124_lorbin	bin_28	bacteria_odb10	0.0	0.0	0.0	0.8	99.2	124	399470	399470	0.000%	1	4.73	0.02	Neural Network (Specific Model)	4	0.708	399470	191.34468937875752	399470	0.55	499	None	469	61	1	kingdom	1.0	0.13	0.0	0.07	0.14	0.39	0.05	True	1	1	1	1	1	1	399470	399470	399470	399470	399470	399470	1	399470	399470	54.62	399470	399470	399470.0	1	1	0.0
150	bc2124_lorbin	bin_3	bacteria_odb10	79.0	79.0	0.0	2.4	18.6	124	316433	316433	0.000%	19	77.19	0.15	Neural Network (Specific Model)	11	0.872	316433	298.48499491353	4028406	0.58	3932	None	3930	3822	19	genus	0.96	0.94	0.04	0.06	0.14	0.96	0.9	True	19	19	19	19	19	18	4028406	4028406	4028406	4028406	4028406	3992464	19	794340	4028406	58.21	316433	105360	352607.6	5	14	0.0
151	bc2124_lorbin	bin_4	bacteria_odb10	8.9	8.9	0.0	18.5	72.6	124	3715563	3715563	0.000%	6	0.0	37.3	Neural Network (Specific Model)	4	0.744	3715563	219.854091332712	23581982	0.58	26825	None	16769	4804	6	kingdom	1.0	0.29	0.0	0.08	0.17	0.41	0.12	True	6	6	6	6	6	6	23581982	23581982	23581982	23581982	23581982	23581982	6	5348283	23581982	58.09	3715563	2872234	4097611.4	3	6	0.0
152	bc2124_lorbin	bin_5	bacteria_odb10	4.0	4.0	0.0	9.7	86.3	124	35716	35716	0.000%	382	0.32	7.58	Neural Network (Specific Model)	4	0.849	35716	198.90883992854435	12741952	0.52	18473	None	13195	3038	374	kingdom	1.0	0.23	0.0	0.07	0.14	0.41	0.09	True	382	382	382	382	274	41	12741952	12741952	12741952	12741952	10518681	2523976	382	96857	12741952	52.39	35716	22266	38650.7	136	315	0.0
153	bc2124_lorbin	bin_6	bacteria_odb10	14.5	14.5	0.0	6.5	79.0	124	33463	33463	0.000%	175	20.91	3.34	Neural Network (Specific Model)	4	0.717	33463	241.95529801324503	5457251	0.58	5436	None	5599	2141	166	kingdom	1.0	0.38	0.0	0.02	0.04	0.68	0.26	True	175	175	175	172	107	16	5457251	5457251	5457251	5434578	4176747	1093487	175	106867	5457251	57.83	33463	20536	38995.9	57	140	0.0
154	bc2124_lorbin	bin_7	bacteria_odb10	1.6	1.6	0.0	5.6	92.8	124	4350179	4350179	0.000%	1	1.05	1.58	Neural Network (Specific Model)	4	0.749	4350179	224.1349303849304	4350179	0.59	4884	None	3112	851	1	kingdom	1.0	0.27	0.0	0.09	0.19	0.42	0.12	True	1	1	1	1	1	1	4350179	4350179	4350179	4350179	4350179	4350179	1	4350179	4350179	58.63	4350179	4350179	4350179.0	1	1	0.0
155	bc2124_lorbin	bin_8	bacteria_odb10	0.8	0.8	0.0	4.8	94.4	124	135489	135489	0.000%	25	0.16	5.46	Neural Network (Specific Model)	4	0.766	135489	232.57470946319867	3263515	0.58	3614	None	3125	556	25	kingdom	1.0	0.18	0.0	0.12	0.27	0.41	0.07	True	25	25	25	25	25	21	3263515	3263515	3263515	3263515	3263515	3115884	25	1048441	3263515	58.36	135489	55583	413650.6	5	18	0.0
156	bc2124_lorbin	bin_9	bacteria_odb10	0.0	0.0	0.0	4.8	95.2	124	196901	196901	0.000%	22	0.26	3.43	Neural Network (Specific Model)	4	0.772	196901	209.9201735357917	3717511	0.57	4610	None	4707	613	22	kingdom	1.0	0.13	0.0	0.13	0.3	0.43	0.06	True	22	22	22	22	22	21	3717511	3717511	3717511	3717511	3717511	3679884	22	606226	3717511	56.92	196901	94193	248161.3	7	18	0.0
157	bc2122_lorbin	bin_56	bacteria_odb10	0.0	0.0	0.0	0.8	99.2	124	81335	81335	0.000%	1	3.03	0.0	Neural Network (Specific Model)	11	0.501	81335	153.34831460674158	81335	0.56	89	None	89	7	1	kingdom									1	1	1	1	1	1	81335	81335	81335	81335	81335	81335	1	81335	81335	55.83	81335	81335	81335.0	1	1	0.0
